path,label
fa1_outputs\balanced\standing\Coffee_room_01_video (4)_f41.png,standing
fa1_outputs\balanced\sitting\aug97_B_rotated_15deg_Home_02_video (45)_f189.png,sitting
fa1_outputs\balanced\fall\aug399_B_rotated_15deg_Home_01_video (3)_f122.png,fall
fa1_outputs\balanced\standing\Lecture_room_video (25)_f188.png,standing
fa1_outputs\balanced\standing\Coffee_room_01_video (26)_f194.png,standing
fa1_outputs\balanced\walking\aug924_D_zoom_1.3x_Coffee_room_01_video (12)_f22.png,walking
fa1_outputs\balanced\fall\Home_01_video (30)_f126.png,fall
fa1_outputs\balanced\sitting\aug47_D_zoom_1.3x_Coffee_room_02_video (55)_f121.png,sitting
fa1_outputs\balanced\fall\Coffee_room_02_video (60)_f137.png,fall
fa1_outputs\balanced\normal\Office_video (33)_f191.png,normal
fa1_outputs\balanced\standing\Coffee_room_01_video (23)_f0.png,standing
fa1_outputs\balanced\sitting\aug605_brightness_jitter_Home_01_video (26)_f43.png,sitting
fa1_outputs\balanced\fall\aug284_D_zoom_1.3x_Coffee_room_02_video (54)_f162.png,fall
fa1_outputs\balanced\walking\aug361_B_rotated_15deg_Coffee_room_01_video (30)_f54.png,walking
fa1_outputs\balanced\walking\aug881_C_flipped_Home_01_video (4)_f30.png,walking
fa1_outputs\balanced\normal\Office_video (24)_f663.png,normal
fa1_outputs\balanced\fall\aug467_C_flipped_Office_video (14)_f138.png,fall
fa1_outputs\balanced\standing\Lecture_room_video (16)_f348.png,standing
fa1_outputs\balanced\sitting\aug20_brightness_jitter_Coffee_room_01_video (31)_f231.png,sitting
fa1_outputs\balanced\fall\Coffee_room_01_video (45)_f172.png,fall
fa1_outputs\balanced\walking\aug61_B_rotated_15deg_Office_video (18)_f459.png,walking
fa1_outputs\balanced\standing\Coffee_room_01_video (46)_f116.png,standing
fa1_outputs\balanced\normal\Home_02_video (39)_f168.png,normal
fa1_outputs\balanced\walking\Lecture_room_video (12)_f421.png,walking
fa1_outputs\balanced\normal\aug112_B_rotated_15deg_Coffee_room_01_video (39)_f78.png,normal
fa1_outputs\balanced\sitting\aug21_B_rotated_15deg_Coffee_room_01_video (31)_f33.png,sitting
fa1_outputs\balanced\fall\Home_01_video (3)_f122.png,fall
fa1_outputs\balanced\walking\aug674_D_zoom_1.3x_Home_02_video (47)_f252.png,walking
fa1_outputs\balanced\standing\Lecture_room_video (8)_f144.png,standing
fa1_outputs\balanced\standing\Lecture_room_video (25)_f263.png,standing
fa1_outputs\balanced\sitting\aug80_brightness_jitter_Home_01_video (27)_f30.png,sitting
fa1_outputs\balanced\normal\aug286_brightness_jitter_Home_01_video (30)_f144.png,normal
fa1_outputs\balanced\normal\Office_video (9)_f154.png,normal
fa1_outputs\balanced\standing\Lecture_room_video (15)_f296.png,standing
fa1_outputs\balanced\normal\Home_01_video (9)_f268.png,normal
fa1_outputs\balanced\fall\aug344_B_rotated_15deg_Home_01_video (1)_f164.png,fall
fa1_outputs\balanced\fall\Office_video (14)_f86.png,fall
fa1_outputs\balanced\standing\Coffee_room_01_video (44)_f0.png,standing
fa1_outputs\balanced\standing\Coffee_room_02_video (50)_f195.png,standing
fa1_outputs\balanced\normal\aug368_B_rotated_15deg_Home_02_video (44)_f251.png,normal
fa1_outputs\balanced\standing\Office_video (1)_f207.png,standing
fa1_outputs\balanced\sitting\aug555_brightness_jitter_Coffee_room_01_video (34)_f166.png,sitting
fa1_outputs\balanced\standing\Lecture_room_video (16)_f522.png,standing
fa1_outputs\balanced\normal\aug196_B_rotated_15deg_Coffee_room_02_video (67)_f34.png,normal
fa1_outputs\balanced\standing\Coffee_room_02_video (64)_f127.png,standing
fa1_outputs\balanced\fall\Office_video (8)_f335.png,fall
fa1_outputs\balanced\sitting\Coffee_room_02_video (62)_f105.png,sitting
fa1_outputs\balanced\standing\Coffee_room_02_video (64)_f53.png,standing
fa1_outputs\balanced\standing\Home_02_video (43)_f147.png,standing
fa1_outputs\balanced\normal\aug141_brightness_jitter_Coffee_room_01_video (9)_f82.png,normal
fa1_outputs\balanced\fall\aug379_D_zoom_1.3x_Home_01_video (25)_f170.png,fall
fa1_outputs\balanced\fall\aug43_B_rotated_15deg_Coffee_room_01_video (16)_f46.png,fall
fa1_outputs\balanced\sitting\Coffee_room_01_video (34)_f259.png,sitting
fa1_outputs\balanced\standing\Coffee_room_01_video (31)_f99.png,standing
fa1_outputs\balanced\walking\aug276_B_rotated_15deg_Office_video (18)_f574.png,walking
fa1_outputs\balanced\normal\aug146_B_rotated_15deg_Coffee_room_02_video (50)_f0.png,normal
fa1_outputs\balanced\fall\Home_01_video (30)_f134.png,fall
fa1_outputs\balanced\standing\Lecture_room_video (27)_f103.png,standing
fa1_outputs\balanced\fall\aug340_C_flipped_Home_01_video (1)_f149.png,fall
fa1_outputs\balanced\sitting\aug552_B_rotated_15deg_Coffee_room_01_video (34)_f0.png,sitting
fa1_outputs\balanced\walking\aug399_C_flipped_Home_02_video (52)_f64.png,walking
fa1_outputs\balanced\normal\Coffee_room_01_video (39)_f137.png,normal
fa1_outputs\balanced\walking\aug800_brightness_jitter_Home_01_video (20)_f129.png,walking
fa1_outputs\balanced\standing\Office_video (17)_f43.png,standing
fa1_outputs\balanced\sitting\aug466_brightness_jitter_Office_video (16)_f0.png,sitting
fa1_outputs\balanced\standing\Coffee_room_01_video (26)_f83.png,standing
fa1_outputs\balanced\walking\aug193_brightness_jitter_Home_02_video (55)_f27.png,walking
fa1_outputs\balanced\fall\aug219_C_flipped_Coffee_room_01_video (45)_f107.png,fall
fa1_outputs\balanced\fall\Coffee_room_01_video (29)_f297.png,fall
fa1_outputs\balanced\walking\aug708_C_flipped_Office_video (33)_f159.png,walking
fa1_outputs\balanced\sitting\aug742_C_flipped_Coffee_room_01_video (47)_f0.png,sitting
fa1_outputs\balanced\walking\aug368_D_zoom_1.3x_Coffee_room_02_video (60)_f0.png,walking
fa1_outputs\balanced\walking\aug352_brightness_jitter_Office_video (28)_f454.png,walking
fa1_outputs\balanced\walking\aug872_D_zoom_1.3x_Home_01_video (20)_f135.png,walking
fa1_outputs\balanced\normal\Office_video (1)_f166.png,normal
fa1_outputs\balanced\walking\aug539_D_zoom_1.3x_Home_02_video (50)_f78.png,walking
fa1_outputs\balanced\normal\Coffee_room_01_video (16)_f110.png,normal
fa1_outputs\balanced\fall\Coffee_room_01_video (14)_f76.png,fall
fa1_outputs\balanced\sitting\aug345_C_flipped_Office_video (33)_f255.png,sitting
fa1_outputs\balanced\walking\aug599_B_rotated_15deg_Home_01_video (9)_f252.png,walking
fa1_outputs\balanced\sitting\aug629_brightness_jitter_Home_02_video (48)_f24.png,sitting
fa1_outputs\balanced\walking\aug292_C_flipped_Coffee_room_01_video (38)_f140.png,walking
fa1_outputs\balanced\walking\aug330_B_rotated_15deg_Home_02_video (53)_f27.png,walking
fa1_outputs\balanced\walking\aug235_brightness_jitter_Home_01_video (21)_f135.png,walking
fa1_outputs\balanced\fall\aug164_D_zoom_1.3x_Coffee_room_01_video (35)_f106.png,fall
fa1_outputs\balanced\walking\aug225_brightness_jitter_Coffee_room_02_video (58)_f38.png,walking
fa1_outputs\balanced\normal\aug326_B_rotated_15deg_Home_02_video (33)_f38.png,normal
fa1_outputs\balanced\normal\Office_video (10)_f0.png,normal
fa1_outputs\balanced\normal\aug344_B_rotated_15deg_Home_02_video (38)_f168.png,normal
fa1_outputs\balanced\sitting\aug107_B_rotated_15deg_Lecture_room_video (18)_f315.png,sitting
fa1_outputs\balanced\sitting\aug394_brightness_jitter_Coffee_room_01_video (9)_f25.png,sitting
fa1_outputs\balanced\walking\aug485_B_rotated_15deg_Office_video (15)_f0.png,walking
fa1_outputs\balanced\sitting\aug794_C_flipped_Home_02_video (41)_f210.png,sitting
fa1_outputs\balanced\standing\Coffee_room_02_video (64)_f42.png,standing
fa1_outputs\balanced\walking\aug21_D_zoom_1.3x_Home_01_video (21)_f129.png,walking
fa1_outputs\balanced\walking\aug496_B_rotated_15deg_Office_video (9)_f61.png,walking
fa1_outputs\balanced\sitting\aug676_brightness_jitter_Office_video (3)_f0.png,sitting
fa1_outputs\balanced\standing\Coffee_room_02_video (50)_f1465.png,standing
fa1_outputs\balanced\walking\aug152_D_zoom_1.3x_Coffee_room_01_video (38)_f88.png,walking
fa1_outputs\balanced\standing\Coffee_room_01_video (26)_f166.png,standing
fa1_outputs\balanced\fall\Coffee_room_01_video (3)_f243.png,fall
fa1_outputs\balanced\walking\aug354_C_flipped_Office_video (9)_f61.png,walking
fa1_outputs\balanced\normal\Coffee_room_02_video (50)_f390.png,normal
fa1_outputs\balanced\fall\Coffee_room_01_video (21)_f89.png,fall
fa1_outputs\balanced\sitting\aug592_D_zoom_1.3x_Coffee_room_02_video (62)_f112.png,sitting
fa1_outputs\balanced\standing\Lecture_room_video (22)_f246.png,standing
fa1_outputs\balanced\walking\aug598_brightness_jitter_Home_01_video (8)_f178.png,walking
fa1_outputs\balanced\normal\aug407_brightness_jitter_Home_02_video (56)_f108.png,normal
fa1_outputs\balanced\normal\Home_02_video (38)_f134.png,normal
fa1_outputs\balanced\standing\Coffee_room_01_video (40)_f175.png,standing
fa1_outputs\balanced\standing\Home_01_video (1)_f105.png,standing
fa1_outputs\balanced\walking\aug975_brightness_jitter_Home_02_video (56)_f324.png,walking
fa1_outputs\balanced\sitting\aug667_brightness_jitter_Office_video (25)_f247.png,sitting
fa1_outputs\balanced\standing\Coffee_room_01_video (36)_f902.png,standing
fa1_outputs\balanced\fall\aug457_brightness_jitter_Lecture_room_video (7)_f303.png,fall
fa1_outputs\balanced\fall\Coffee_room_01_video (13)_f96.png,fall
fa1_outputs\balanced\walking\aug475_C_flipped_Home_02_video (55)_f0.png,walking
fa1_outputs\balanced\walking\aug467_B_rotated_15deg_Home_02_video (50)_f62.png,walking
fa1_outputs\balanced\standing\Coffee_room_01_video (46)_f109.png,standing
fa1_outputs\balanced\normal\Home_01_video (1)_f198.png,normal
fa1_outputs\balanced\fall\Home_01_video (18)_f129.png,fall
fa1_outputs\balanced\standing\Lecture_room_video (1)_f142.png,standing
fa1_outputs\balanced\walking\aug825_brightness_jitter_Home_02_video (52)_f64.png,walking
fa1_outputs\balanced\sitting\aug654_B_rotated_15deg_Office_video (22)_f66.png,sitting
fa1_outputs\balanced\standing\Lecture_room_video (16)_f543.png,standing
fa1_outputs\balanced\walking\aug675_D_zoom_1.3x_Home_02_video (48)_f0.png,walking
fa1_outputs\balanced\sitting\aug402_brightness_jitter_Coffee_room_02_video (55)_f40.png,sitting
fa1_outputs\balanced\walking\aug525_C_flipped_Home_01_video (30)_f72.png,walking
fa1_outputs\balanced\sitting\aug133_brightness_jitter_Office_video (24)_f207.png,sitting
fa1_outputs\balanced\sitting\aug13_C_flipped_Coffee_room_01_video (27)_f63.png,sitting
fa1_outputs\balanced\normal\aug215_B_rotated_15deg_Home_01_video (17)_f144.png,normal
fa1_outputs\balanced\standing\Coffee_room_02_video (54)_f94.png,standing
fa1_outputs\balanced\walking\aug57_D_zoom_1.3x_Lecture_room_video (27)_f161.png,walking
fa1_outputs\balanced\sitting\aug73_brightness_jitter_Home_01_video (22)_f48.png,sitting
fa1_outputs\balanced\normal\aug247_D_zoom_1.3x_Home_01_video (22)_f90.png,normal
fa1_outputs\balanced\normal\Home_02_video (54)_f162.png,normal
fa1_outputs\balanced\standing\Lecture_room_video (3)_f389.png,standing
fa1_outputs\balanced\standing\Office_video (19)_f246.png,standing
fa1_outputs\balanced\standing\Coffee_room_01_video (19)_f42.png,standing
fa1_outputs\balanced\standing\Coffee_room_01_video (48)_f486.png,standing
fa1_outputs\balanced\standing\Coffee_room_01_video (41)_f152.png,standing
fa1_outputs\balanced\walking\aug42_brightness_jitter_Home_02_video (50)_f78.png,walking
fa1_outputs\balanced\sitting\aug142_D_zoom_1.3x_Office_video (27)_f405.png,sitting
fa1_outputs\balanced\standing\Coffee_room_01_video (5)_f67.png,standing
fa1_outputs\balanced\sitting\aug256_C_flipped_Home_01_video (27)_f30.png,sitting
fa1_outputs\balanced\fall\aug410_C_flipped_Home_01_video (4)_f152.png,fall
fa1_outputs\balanced\walking\aug627_brightness_jitter_Office_video (15)_f0.png,walking
fa1_outputs\balanced\fall\Home_01_video (27)_f169.png,fall
fa1_outputs\balanced\fall\aug64_D_zoom_1.3x_Coffee_room_01_video (18)_f184.png,fall
fa1_outputs\balanced\walking\aug849_D_zoom_1.3x_Office_video (28)_f454.png,walking
fa1_outputs\balanced\fall\Home_01_video (19)_f76.png,fall
fa1_outputs\balanced\walking\aug75_D_zoom_1.3x_Coffee_room_01_video (24)_f33.png,walking
fa1_outputs\balanced\walking\aug263_D_zoom_1.3x_Home_02_video (55)_f162.png,walking
fa1_outputs\balanced\fall\Coffee_room_01_video (27)_f196.png,fall
fa1_outputs\balanced\normal\Home_02_video (57)_f144.png,normal
fa1_outputs\balanced\sitting\aug729_D_zoom_1.3x_Coffee_room_01_video (34)_f103.png,sitting
fa1_outputs\balanced\sitting\aug518_B_rotated_15deg_Office_video (32)_f217.png,sitting
fa1_outputs\balanced\standing\Home_02_video (58)_f100.png,standing
fa1_outputs\balanced\normal\Lecture_room_video (1)_f178.png,normal
fa1_outputs\balanced\sitting\aug689_C_flipped_Office_video (30)_f623.png,sitting
fa1_outputs\balanced\standing\Coffee_room_01_video (40)_f218.png,standing
fa1_outputs\balanced\fall\aug432_brightness_jitter_Home_02_video (32)_f38.png,fall
fa1_outputs\balanced\normal\Home_01_video (1)_f99.png,normal
fa1_outputs\balanced\normal\aug258_D_zoom_1.3x_Home_01_video (24)_f38.png,normal
fa1_outputs\balanced\walking\aug440_D_zoom_1.3x_Coffee_room_02_video (60)_f55.png,walking
fa1_outputs\balanced\sitting\aug414_brightness_jitter_Coffee_room_02_video (57)_f70.png,sitting
fa1_outputs\balanced\sitting\aug207_brightness_jitter_Coffee_room_01_video (34)_f83.png,sitting
fa1_outputs\balanced\sitting\aug812_D_zoom_1.3x_Lecture_room_video (18)_f420.png,sitting
fa1_outputs\balanced\walking\aug116_D_zoom_1.3x_Home_02_video (53)_f21.png,walking
fa1_outputs\balanced\fall\aug389_D_zoom_1.3x_Home_01_video (27)_f173.png,fall
fa1_outputs\balanced\fall\aug30_B_rotated_15deg_Coffee_room_01_video (14)_f64.png,fall
fa1_outputs\balanced\sitting\aug156_brightness_jitter_Office_video (3)_f46.png,sitting
fa1_outputs\balanced\sitting\aug701_brightness_jitter_Office_video (4)_f192.png,sitting
fa1_outputs\balanced\normal\Coffee_room_01_video (18)_f107.png,normal
fa1_outputs\balanced\walking\aug470_D_zoom_1.3x_Home_02_video (52)_f64.png,walking
fa1_outputs\balanced\normal\Office_video (13)_f633.png,normal
fa1_outputs\balanced\standing\Coffee_room_02_video (69)_f898.png,standing
fa1_outputs\balanced\normal\aug222_D_zoom_1.3x_Home_01_video (19)_f120.png,normal
fa1_outputs\balanced\walking\aug307_D_zoom_1.3x_Home_01_video (26)_f129.png,walking
fa1_outputs\balanced\standing\Office_video (31)_f50.png,standing
fa1_outputs\balanced\walking\aug18_C_flipped_Home_01_video (2)_f30.png,walking
fa1_outputs\balanced\fall\Home_01_video (1)_f154.png,fall
fa1_outputs\balanced\sitting\aug252_D_zoom_1.3x_Home_01_video (26)_f27.png,sitting
fa1_outputs\balanced\normal\aug10_B_rotated_15deg_Coffee_room_01_video (12)_f0.png,normal
fa1_outputs\balanced\sitting\aug14_D_zoom_1.3x_Coffee_room_01_video (28)_f0.png,sitting
fa1_outputs\balanced\normal\Coffee_room_01_video (37)_f0.png,normal
fa1_outputs\balanced\normal\aug31_brightness_jitter_Coffee_room_01_video (16)_f132.png,normal
fa1_outputs\balanced\sitting\aug238_brightness_jitter_Coffee_room_02_video (57)_f70.png,sitting
fa1_outputs\balanced\standing\Office_video (14)_f51.png,standing
fa1_outputs\balanced\normal\Office_video (32)_f340.png,normal
fa1_outputs\balanced\normal\Coffee_room_02_video (58)_f272.png,normal
fa1_outputs\balanced\standing\Lecture_room_video (2)_f202.png,standing
fa1_outputs\balanced\standing\Office_video (29)_f1098.png,standing
fa1_outputs\balanced\normal\Home_02_video (37)_f90.png,normal
fa1_outputs\balanced\walking\aug462_D_zoom_1.3x_Home_02_video (48)_f0.png,walking
fa1_outputs\balanced\sitting\aug227_D_zoom_1.3x_Coffee_room_02_video (55)_f64.png,sitting
fa1_outputs\balanced\normal\Coffee_room_02_video (53)_f47.png,normal
fa1_outputs\balanced\standing\Lecture_room_video (18)_f105.png,standing
fa1_outputs\balanced\normal\Lecture_room_video (3)_f124.png,normal
fa1_outputs\balanced\fall\Coffee_room_01_video (19)_f106.png,fall
fa1_outputs\balanced\walking\aug781_brightness_jitter_Coffee_room_01_video (11)_f289.png,walking
fa1_outputs\balanced\sitting\aug386_brightness_jitter_Coffee_room_01_video (42)_f19.png,sitting
fa1_outputs\balanced\walking\Home_02_video (54)_f54.png,walking
fa1_outputs\balanced\walking\aug128_B_rotated_15deg_Lecture_room_video (27)_f161.png,walking
fa1_outputs\balanced\fall\aug368_D_zoom_1.3x_Home_01_video (20)_f86.png,fall
fa1_outputs\balanced\walking\aug412_D_zoom_1.3x_Lecture_room_video (27)_f161.png,walking
fa1_outputs\balanced\walking\aug301_D_zoom_1.3x_Home_01_video (11)_f273.png,walking
fa1_outputs\balanced\walking\aug824_C_flipped_Home_02_video (52)_f21.png,walking
fa1_outputs\balanced\standing\Coffee_room_02_video (68)_f200.png,standing
fa1_outputs\balanced\walking\aug549_C_flipped_Home_02_video (56)_f324.png,walking
fa1_outputs\balanced\normal\Coffee_room_01_video (16)_f88.png,normal
fa1_outputs\balanced\sitting\aug301_D_zoom_1.3x_Office_video (20)_f319.png,sitting
fa1_outputs\balanced\standing\Lecture_room_video (16)_f87.png,standing
fa1_outputs\balanced\standing\Lecture_room_video (8)_f505.png,standing
fa1_outputs\balanced\normal\Office_video (2)_f155.png,normal
fa1_outputs\balanced\normal\Office_video (24)_f103.png,normal
fa1_outputs\balanced\fall\aug483_brightness_jitter_Office_video (5)_f214.png,fall
fa1_outputs\balanced\walking\aug963_C_flipped_Home_02_video (50)_f273.png,walking
fa1_outputs\balanced\normal\aug64_D_zoom_1.3x_Coffee_room_01_video (24)_f0.png,normal
fa1_outputs\balanced\sitting\aug491_B_rotated_15deg_Office_video (25)_f247.png,sitting
fa1_outputs\balanced\sitting\aug203_brightness_jitter_Coffee_room_01_video (34)_f166.png,sitting
fa1_outputs\balanced\sitting\Coffee_room_02_video (57)_f70.png,sitting
fa1_outputs\balanced\sitting\aug754_C_flipped_Coffee_room_02_video (55)_f40.png,sitting
fa1_outputs\balanced\fall\aug66_D_zoom_1.3x_Coffee_room_01_video (19)_f106.png,fall
fa1_outputs\balanced\walking\aug360_B_rotated_15deg_Coffee_room_01_video (24)_f66.png,walking
fa1_outputs\balanced\sitting\aug405_D_zoom_1.3x_Coffee_room_02_video (56)_f107.png,sitting
fa1_outputs\balanced\fall\Coffee_room_01_video (16)_f70.png,fall
fa1_outputs\balanced\fall\aug54_D_zoom_1.3x_Coffee_room_01_video (17)_f39.png,fall
fa1_outputs\balanced\standing\Office_video (15)_f198.png,standing
fa1_outputs\balanced\standing\Home_02_video (38)_f19.png,standing
fa1_outputs\balanced\standing\Lecture_room_video (23)_f337.png,standing
fa1_outputs\balanced\walking\aug326_B_rotated_15deg_Home_02_video (50)_f78.png,walking
fa1_outputs\balanced\fall\aug267_brightness_jitter_Coffee_room_02_video (51)_f76.png,fall
fa1_outputs\balanced\fall\Coffee_room_01_video (5)_f137.png,fall
fa1_outputs\balanced\normal\Office_video (21)_f267.png,normal
fa1_outputs\balanced\walking\aug528_B_rotated_15deg_Home_01_video (9)_f252.png,walking
fa1_outputs\balanced\fall\Coffee_room_01_video (1)_f58.png,fall
fa1_outputs\balanced\sitting\aug330_B_rotated_15deg_Office_video (3)_f280.png,sitting
fa1_outputs\balanced\fall\aug23_D_zoom_1.3x_Coffee_room_01_video (12)_f58.png,fall
fa1_outputs\balanced\sitting\aug650_brightness_jitter_Office_video (19)_f123.png,sitting
fa1_outputs\balanced\walking\aug53_brightness_jitter_Home_02_video (60)_f62.png,walking
fa1_outputs\balanced\fall\Home_01_video (19)_f129.png,fall
fa1_outputs\balanced\walking\aug407_brightness_jitter_Home_02_video (56)_f324.png,walking
fa1_outputs\balanced\walking\aug214_brightness_jitter_Coffee_room_01_video (12)_f22.png,walking
fa1_outputs\balanced\sitting\aug48_C_flipped_Coffee_room_02_video (55)_f129.png,sitting
fa1_outputs\balanced\standing\Coffee_room_01_video (3)_f76.png,standing
fa1_outputs\balanced\fall\aug56_C_flipped_Coffee_room_01_video (17)_f57.png,fall
fa1_outputs\balanced\sitting\aug837_B_rotated_15deg_Office_video (24)_f207.png,sitting
fa1_outputs\balanced\sitting\aug666_D_zoom_1.3x_Office_video (24)_f82.png,sitting
fa1_outputs\balanced\standing\Coffee_room_01_video (41)_f229.png,standing
fa1_outputs\balanced\sitting\aug643_brightness_jitter_Office_video (16)_f107.png,sitting
fa1_outputs\balanced\walking\aug591_brightness_jitter_Home_01_video (26)_f129.png,walking
fa1_outputs\balanced\normal\aug238_brightness_jitter_Home_01_video (21)_f27.png,normal
fa1_outputs\balanced\fall\aug506_D_zoom_1.3x_Coffee_room_01_video (10)_f226.png,fall
fa1_outputs\balanced\fall\aug524_C_flipped_Coffee_room_01_video (14)_f66.png,fall
fa1_outputs\balanced\fall\Coffee_room_01_video (25)_f163.png,fall
fa1_outputs\balanced\normal\aug85_B_rotated_15deg_Coffee_room_01_video (30)_f36.png,normal
fa1_outputs\balanced\walking\aug3_D_zoom_1.3x_Coffee_room_01_video (17)_f19.png,walking
fa1_outputs\balanced\standing\Coffee_room_01_video (11)_f241.png,standing
fa1_outputs\balanced\walking\aug184_D_zoom_1.3x_Home_02_video (50)_f78.png,walking
fa1_outputs\balanced\normal\aug192_C_flipped_Coffee_room_02_video (66)_f149.png,normal
fa1_outputs\balanced\fall\aug157_B_rotated_15deg_Coffee_room_01_video (33)_f94.png,fall
fa1_outputs\balanced\standing\Office_video (32)_f163.png,standing
fa1_outputs\balanced\standing\Home_02_video (59)_f81.png,standing
fa1_outputs\balanced\walking\aug208_B_rotated_15deg_Office_video (19)_f41.png,walking
fa1_outputs\balanced\fall\aug260_C_flipped_Coffee_room_02_video (49)_f454.png,fall
fa1_outputs\balanced\sitting\aug1_C_flipped_Coffee_room_01_video (21)_f0.png,sitting
fa1_outputs\balanced\fall\aug277_D_zoom_1.3x_Coffee_room_02_video (53)_f268.png,fall
fa1_outputs\balanced\normal\Lecture_room_video (14)_f160.png,normal
fa1_outputs\balanced\normal\aug59_B_rotated_15deg_Coffee_room_01_video (22)_f85.png,normal
fa1_outputs\balanced\standing\Home_02_video (37)_f120.png,standing
fa1_outputs\balanced\standing\Home_02_video (48)_f96.png,standing
fa1_outputs\balanced\standing\Coffee_room_02_video (70)_f671.png,standing
fa1_outputs\balanced\walking\aug300_C_flipped_Coffee_room_02_video (70)_f167.png,walking
fa1_outputs\balanced\standing\Lecture_room_video (6)_f114.png,standing
fa1_outputs\balanced\standing\Coffee_room_01_video (24)_f133.png,standing
fa1_outputs\balanced\normal\aug147_B_rotated_15deg_Coffee_room_02_video (50)_f1367.png,normal
fa1_outputs\balanced\fall\aug44_C_flipped_Coffee_room_01_video (16)_f50.png,fall
fa1_outputs\balanced\walking\aug31_D_zoom_1.3x_Home_01_video (9)_f252.png,walking
fa1_outputs\balanced\standing\Home_02_video (38)_f96.png,standing
fa1_outputs\balanced\walking\aug632_brightness_jitter_Office_video (18)_f612.png,walking
fa1_outputs\balanced\normal\Coffee_room_01_video (35)_f202.png,normal
fa1_outputs\balanced\standing\Office_video (31)_f121.png,standing
fa1_outputs\balanced\normal\Office_video (30)_f374.png,normal
fa1_outputs\balanced\walking\aug780_brightness_jitter_Office_video (9)_f61.png,walking
fa1_outputs\balanced\standing\Home_02_video (59)_f86.png,standing
fa1_outputs\balanced\standing\Office_video (18)_f191.png,standing
fa1_outputs\balanced\normal\Office_video (12)_f260.png,normal
fa1_outputs\balanced\fall\aug406_C_flipped_Home_01_video (30)_f153.png,fall
fa1_outputs\balanced\sitting\Coffee_room_02_video (56)_f107.png,sitting
fa1_outputs\balanced\fall\aug451_D_zoom_1.3x_Lecture_room_video (3)_f498.png,fall
fa1_outputs\balanced\walking\aug64_B_rotated_15deg_Office_video (18)_f612.png,walking
fa1_outputs\balanced\standing\Office_video (19)_f287.png,standing
fa1_outputs\balanced\standing\Lecture_room_video (17)_f126.png,standing
fa1_outputs\balanced\fall\aug222_C_flipped_Coffee_room_01_video (45)_f129.png,fall
fa1_outputs\balanced\sitting\Home_02_video (45)_f162.png,sitting
fa1_outputs\balanced\normal\Office_video (33)_f511.png,normal
fa1_outputs\balanced\walking\aug559_B_rotated_15deg_Office_video (18)_f478.png,walking
fa1_outputs\balanced\standing\Coffee_room_01_video (41)_f95.png,standing
fa1_outputs\balanced\walking\aug63_D_zoom_1.3x_Office_video (18)_f574.png,walking
fa1_outputs\balanced\normal\aug254_brightness_jitter_Home_01_video (24)_f0.png,normal
fa1_outputs\balanced\normal\aug405_C_flipped_Home_02_video (55)_f43.png,normal
fa1_outputs\balanced\standing\Coffee_room_01_video (29)_f287.png,standing
fa1_outputs\balanced\normal\aug47_D_zoom_1.3x_Coffee_room_01_video (19)_f85.png,normal
fa1_outputs\balanced\standing\Coffee_room_01_video (23)_f155.png,standing
fa1_outputs\balanced\walking\aug726_D_zoom_1.3x_Coffee_room_02_video (70)_f167.png,walking
fa1_outputs\balanced\fall\aug185_B_rotated_15deg_Coffee_room_01_video (39)_f55.png,fall
fa1_outputs\balanced\standing\Lecture_room_video (5)_f243.png,standing
fa1_outputs\balanced\standing\Office_video (20)_f53.png,standing
fa1_outputs\balanced\sitting\Office_video (33)_f239.png,sitting
fa1_outputs\balanced\normal\aug213_B_rotated_15deg_Home_01_video (16)_f99.png,normal
fa1_outputs\balanced\normal\aug51_C_flipped_Coffee_room_01_video (2)_f267.png,normal
fa1_outputs\balanced\fall\aug120_B_rotated_15deg_Coffee_room_01_video (29)_f297.png,fall
fa1_outputs\balanced\sitting\aug408_brightness_jitter_Coffee_room_02_video (56)_f215.png,sitting
fa1_outputs\balanced\standing\Coffee_room_02_video (60)_f103.png,standing
fa1_outputs\balanced\sitting\aug810_B_rotated_15deg_Lecture_room_video (14)_f256.png,sitting
fa1_outputs\balanced\fall\Lecture_room_video (7)_f303.png,fall
fa1_outputs\balanced\sitting\aug12_C_flipped_Coffee_room_01_video (27)_f50.png,sitting
fa1_outputs\balanced\sitting\aug329_D_zoom_1.3x_Office_video (3)_f233.png,sitting
fa1_outputs\balanced\walking\aug557_B_rotated_15deg_Office_video (15)_f39.png,walking
fa1_outputs\balanced\standing\Coffee_room_01_video (7)_f43.png,standing
fa1_outputs\balanced\walking\aug384_C_flipped_Home_01_video (4)_f30.png,walking
fa1_outputs\balanced\standing\Home_02_video (45)_f54.png,standing
fa1_outputs\balanced\sitting\aug224_D_zoom_1.3x_Coffee_room_02_video (55)_f129.png,sitting
fa1_outputs\balanced\normal\aug77_C_flipped_Coffee_room_01_video (29)_f41.png,normal
fa1_outputs\balanced\normal\Lecture_room_video (22)_f740.png,normal
fa1_outputs\balanced\sitting\Coffee_room_02_video (55)_f0.png,sitting
fa1_outputs\balanced\fall\Coffee_room_02_video (58)_f248.png,fall
fa1_outputs\balanced\fall\Coffee_room_02_video (51)_f162.png,fall
fa1_outputs\balanced\fall\aug125_D_zoom_1.3x_Coffee_room_01_video (3)_f242.png,fall
fa1_outputs\balanced\fall\aug156_B_rotated_15deg_Coffee_room_01_video (33)_f90.png,fall
fa1_outputs\balanced\sitting\aug507_C_flipped_Office_video (3)_f291.png,sitting
fa1_outputs\balanced\walking\aug722_B_rotated_15deg_Coffee_room_02_video (58)_f38.png,walking
fa1_outputs\balanced\standing\Lecture_room_video (20)_f89.png,standing
fa1_outputs\balanced\walking\aug616_B_rotated_15deg_Home_02_video (54)_f54.png,walking
fa1_outputs\balanced\sitting\aug752_C_flipped_Coffee_room_02_video (55)_f129.png,sitting
fa1_outputs\balanced\standing\Home_02_video (43)_f134.png,standing
fa1_outputs\balanced\walking\aug311_C_flipped_Home_01_video (30)_f0.png,walking
fa1_outputs\balanced\sitting\aug352_brightness_jitter_Coffee_room_01_video (2)_f191.png,sitting
fa1_outputs\balanced\sitting\aug198_B_rotated_15deg_Coffee_room_01_video (32)_f0.png,sitting
fa1_outputs\balanced\standing\Office_video (7)_f0.png,standing
fa1_outputs\balanced\sitting\Home_01_video (22)_f48.png,sitting
fa1_outputs\balanced\normal\Home_01_video (19)_f48.png,normal
fa1_outputs\balanced\standing\Coffee_room_01_video (8)_f51.png,standing
fa1_outputs\balanced\sitting\aug150_brightness_jitter_Office_video (3)_f140.png,sitting
fa1_outputs\balanced\fall\aug323_D_zoom_1.3x_Coffee_room_02_video (62)_f175.png,fall
fa1_outputs\balanced\normal\Home_01_video (27)_f120.png,normal
fa1_outputs\balanced\walking\aug172_C_flipped_Home_01_video (8)_f178.png,walking
fa1_outputs\balanced\standing\Lecture_room_video (14)_f321.png,standing
fa1_outputs\balanced\fall\aug447_B_rotated_15deg_Home_02_video (57)_f48.png,fall
fa1_outputs\balanced\normal\aug157_B_rotated_15deg_Coffee_room_02_video (52)_f161.png,normal
fa1_outputs\balanced\normal\Home_01_video (1)_f231.png,normal
fa1_outputs\balanced\standing\Coffee_room_02_video (70)_f503.png,standing
fa1_outputs\balanced\sitting\aug192_brightness_jitter_Coffee_room_01_video (30)_f126.png,sitting
fa1_outputs\balanced\standing\Office_video (26)_f374.png,standing
fa1_outputs\balanced\normal\Home_02_video (58)_f67.png,normal
fa1_outputs\balanced\fall\aug417_brightness_jitter_Home_01_video (7)_f142.png,fall
fa1_outputs\balanced\normal\aug91_brightness_jitter_Coffee_room_01_video (33)_f170.png,normal
fa1_outputs\balanced\normal\Office_video (22)_f44.png,normal
fa1_outputs\balanced\normal\Home_01_video (21)_f43.png,normal
fa1_outputs\balanced\walking\aug426_brightness_jitter_Coffee_room_01_video (11)_f289.png,walking
fa1_outputs\balanced\walking\aug287_brightness_jitter_Coffee_room_01_video (17)_f19.png,walking
fa1_outputs\balanced\normal\Lecture_room_video (24)_f360.png,normal
fa1_outputs\balanced\walking\aug159_brightness_jitter_Home_01_video (11)_f273.png,walking
fa1_outputs\balanced\standing\Coffee_room_02_video (61)_f262.png,standing
fa1_outputs\balanced\normal\Coffee_room_01_video (17)_f98.png,normal
fa1_outputs\balanced\walking\aug771_brightness_jitter_Office_video (18)_f459.png,walking
fa1_outputs\balanced\fall\aug264_D_zoom_1.3x_Coffee_room_02_video (51)_f117.png,fall
fa1_outputs\balanced\sitting\aug536_brightness_jitter_Coffee_room_01_video (25)_f0.png,sitting
fa1_outputs\balanced\fall\aug159_B_rotated_15deg_Coffee_room_01_video (34)_f332.png,fall
fa1_outputs\balanced\sitting\aug46_C_flipped_Coffee_room_02_video (55)_f0.png,sitting
fa1_outputs\balanced\sitting\aug105_C_flipped_Home_02_video (59)_f43.png,sitting
fa1_outputs\balanced\normal\aug99_C_flipped_Coffee_room_01_video (35)_f144.png,normal
fa1_outputs\balanced\walking\aug885_D_zoom_1.3x_Home_02_video (45)_f21.png,walking
fa1_outputs\balanced\walking\aug733_D_zoom_1.3x_Home_01_video (26)_f129.png,walking
fa1_outputs\balanced\standing\Home_02_video (38)_f48.png,standing
fa1_outputs\balanced\normal\Coffee_room_02_video (69)_f160.png,normal
fa1_outputs\balanced\normal\Office_video (32)_f435.png,normal
fa1_outputs\balanced\normal\Office_video (12)_f74.png,normal
fa1_outputs\balanced\normal\aug144_C_flipped_Coffee_room_02_video (49)_f61.png,normal
fa1_outputs\balanced\standing\Home_01_video (10)_f234.png,standing
fa1_outputs\balanced\sitting\aug766_B_rotated_15deg_Coffee_room_02_video (57)_f70.png,sitting
fa1_outputs\balanced\sitting\aug5_brightness_jitter_Coffee_room_01_video (22)_f28.png,sitting
fa1_outputs\balanced\normal\Coffee_room_02_video (63)_f0.png,normal
fa1_outputs\balanced\fall\Coffee_room_01_video (20)_f333.png,fall
fa1_outputs\balanced\standing\Office_video (18)_f689.png,standing
fa1_outputs\balanced\normal\Coffee_room_01_video (33)_f141.png,normal
fa1_outputs\balanced\sitting\aug70_C_flipped_Home_01_video (16)_f52.png,sitting
fa1_outputs\balanced\sitting\aug74_D_zoom_1.3x_Home_01_video (23)_f144.png,sitting
fa1_outputs\balanced\normal\aug351_B_rotated_15deg_Home_02_video (39)_f172.png,normal
fa1_outputs\balanced\standing\Lecture_room_video (15)_f474.png,standing
fa1_outputs\balanced\normal\aug387_B_rotated_15deg_Home_02_video (51)_f33.png,normal
fa1_outputs\balanced\fall\aug448_D_zoom_1.3x_Lecture_room_video (1)_f256.png,fall
fa1_outputs\balanced\walking\aug183_D_zoom_1.3x_Home_02_video (50)_f62.png,walking
fa1_outputs\balanced\normal\Coffee_room_01_video (14)_f44.png,normal
fa1_outputs\balanced\normal\Home_01_video (21)_f81.png,normal
fa1_outputs\balanced\standing\Coffee_room_02_video (69)_f1026.png,standing
fa1_outputs\balanced\normal\Coffee_room_02_video (63)_f521.png,normal
fa1_outputs\balanced\fall\aug6_B_rotated_15deg_Coffee_room_01_video (1)_f72.png,fall
fa1_outputs\balanced\standing\Coffee_room_01_video (36)_f601.png,standing
fa1_outputs\balanced\standing\Lecture_room_video (11)_f217.png,standing
fa1_outputs\balanced\normal\Home_02_video (37)_f60.png,normal
fa1_outputs\balanced\walking\aug919_D_zoom_1.3x_Office_video (20)_f212.png,walking
fa1_outputs\balanced\sitting\aug422_D_zoom_1.3x_Home_01_video (16)_f52.png,sitting
fa1_outputs\balanced\walking\aug608_C_flipped_Home_02_video (50)_f273.png,walking
fa1_outputs\balanced\fall\Coffee_room_02_video (53)_f289.png,fall
fa1_outputs\balanced\normal\Office_video (9)_f51.png,normal
fa1_outputs\balanced\walking\aug474_B_rotated_15deg_Home_02_video (54)_f54.png,walking
fa1_outputs\balanced\walking\aug448_D_zoom_1.3x_Home_01_video (21)_f135.png,walking
fa1_outputs\balanced\normal\Home_01_video (21)_f54.png,normal
fa1_outputs\balanced\walking\aug458_B_rotated_15deg_Home_02_video (37)_f0.png,walking
fa1_outputs\balanced\normal\aug388_C_flipped_Home_02_video (51)_f52.png,normal
fa1_outputs\balanced\fall\Home_02_video (37)_f48.png,fall
fa1_outputs\balanced\normal\Home_01_video (3)_f0.png,normal
fa1_outputs\balanced\fall\aug334_brightness_jitter_Coffee_room_02_video (64)_f155.png,fall
fa1_outputs\balanced\normal\aug142_B_rotated_15deg_Coffee_room_02_video (49)_f0.png,normal
fa1_outputs\balanced\normal\Home_02_video (57)_f60.png,normal
fa1_outputs\balanced\walking\aug105_D_zoom_1.3x_Home_02_video (46)_f26.png,walking
fa1_outputs\balanced\fall\aug263_C_flipped_Coffee_room_02_video (51)_f106.png,fall
fa1_outputs\balanced\fall\aug132_brightness_jitter_Coffee_room_01_video (30)_f87.png,fall
fa1_outputs\balanced\standing\Coffee_room_02_video (66)_f37.png,standing
fa1_outputs\balanced\standing\Home_02_video (35)_f81.png,standing
fa1_outputs\balanced\fall\aug393_brightness_jitter_Home_01_video (28)_f172.png,fall
fa1_outputs\balanced\normal\Lecture_room_video (4)_f150.png,normal
fa1_outputs\balanced\fall\aug55_D_zoom_1.3x_Coffee_room_01_video (17)_f47.png,fall
fa1_outputs\balanced\normal\aug104_D_zoom_1.3x_Coffee_room_01_video (37)_f180.png,normal
fa1_outputs\balanced\walking\aug915_brightness_jitter_Office_video (18)_f574.png,walking
fa1_outputs\balanced\standing\Home_02_video (57)_f72.png,standing
fa1_outputs\balanced\fall\Coffee_room_01_video (43)_f632.png,fall
fa1_outputs\balanced\fall\aug445_D_zoom_1.3x_Home_02_video (55)_f151.png,fall
fa1_outputs\balanced\sitting\aug430_B_rotated_15deg_Home_01_video (26)_f54.png,sitting
fa1_outputs\balanced\normal\Coffee_room_01_video (28)_f35.png,normal
fa1_outputs\balanced\normal\Coffee_room_01_video (11)_f120.png,normal
fa1_outputs\balanced\standing\Home_01_video (11)_f249.png,standing
fa1_outputs\balanced\normal\Home_01_video (5)_f76.png,normal
fa1_outputs\balanced\standing\Coffee_room_01_video (35)_f57.png,standing
fa1_outputs\balanced\sitting\aug57_D_zoom_1.3x_Coffee_room_02_video (56)_f86.png,sitting
fa1_outputs\balanced\standing\Coffee_room_01_video (5)_f90.png,standing
fa1_outputs\balanced\standing\Office_video (26)_f124.png,standing
fa1_outputs\balanced\sitting\aug836_B_rotated_15deg_Office_video (24)_f165.png,sitting
fa1_outputs\balanced\standing\Home_02_video (35)_f27.png,standing
fa1_outputs\balanced\normal\Home_01_video (23)_f60.png,normal
fa1_outputs\balanced\walking\aug934_brightness_jitter_Coffee_room_01_video (5)_f36.png,walking
fa1_outputs\balanced\standing\Home_02_video (38)_f76.png,standing
fa1_outputs\balanced\fall\aug545_D_zoom_1.3x_Coffee_room_01_video (17)_f31.png,fall
fa1_outputs\balanced\fall\Coffee_room_02_video (50)_f0.png,fall
fa1_outputs\balanced\standing\Coffee_room_01_video (3)_f121.png,standing
fa1_outputs\balanced\normal\aug342_C_flipped_Home_02_video (38)_f134.png,normal
fa1_outputs\balanced\fall\aug169_C_flipped_Coffee_room_01_video (35)_f86.png,fall
fa1_outputs\balanced\sitting\aug436_B_rotated_15deg_Home_01_video (6)_f48.png,sitting
fa1_outputs\balanced\sitting\aug341_B_rotated_15deg_Office_video (30)_f935.png,sitting
fa1_outputs\balanced\normal\Coffee_room_01_video (30)_f0.png,normal
fa1_outputs\balanced\sitting\aug302_C_flipped_Office_video (22)_f66.png,sitting
fa1_outputs\balanced\normal\aug296_brightness_jitter_Home_01_video (5)_f72.png,normal
fa1_outputs\balanced\sitting\aug189_D_zoom_1.3x_Coffee_room_01_video (27)_f63.png,sitting
fa1_outputs\balanced\normal\aug132_B_rotated_15deg_Coffee_room_01_video (6)_f29.png,normal
fa1_outputs\balanced\standing\Coffee_room_01_video (24)_f166.png,standing
fa1_outputs\balanced\standing\Coffee_room_01_video (13)_f61.png,standing
fa1_outputs\balanced\normal\aug187_B_rotated_15deg_Coffee_room_02_video (63)_f417.png,normal
fa1_outputs\balanced\fall\aug168_brightness_jitter_Coffee_room_01_video (35)_f82.png,fall
fa1_outputs\balanced\normal\Home_02_video (37)_f30.png,normal
fa1_outputs\balanced\fall\aug365_brightness_jitter_Home_01_video (2)_f128.png,fall
fa1_outputs\balanced\fall\Home_01_video (22)_f151.png,fall
fa1_outputs\balanced\normal\Coffee_room_01_video (12)_f36.png,normal
fa1_outputs\balanced\fall\Coffee_room_01_video (44)_f54.png,fall
fa1_outputs\balanced\fall\Coffee_room_01_video (36)_f1088.png,fall
fa1_outputs\balanced\walking\aug240_B_rotated_15deg_Home_01_video (30)_f0.png,walking
fa1_outputs\balanced\walking\aug140_D_zoom_1.3x_Office_video (33)_f159.png,walking
fa1_outputs\balanced\normal\aug305_B_rotated_15deg_Home_01_video (7)_f27.png,normal
fa1_outputs\balanced\walking\aug123_C_flipped_Home_02_video (56)_f324.png,walking
fa1_outputs\balanced\normal\Home_02_video (46)_f198.png,normal
fa1_outputs\balanced\fall\aug398_C_flipped_Home_01_video (29)_f162.png,fall
fa1_outputs\balanced\walking\aug594_D_zoom_1.3x_Home_01_video (3)_f30.png,walking
fa1_outputs\balanced\fall\aug307_D_zoom_1.3x_Coffee_room_02_video (59)_f134.png,fall
fa1_outputs\balanced\standing\Coffee_room_02_video (50)_f244.png,standing
fa1_outputs\balanced\normal\Home_02_video (39)_f19.png,normal
fa1_outputs\balanced\normal\aug108_brightness_jitter_Coffee_room_01_video (38)_f176.png,normal
fa1_outputs\balanced\sitting\aug811_B_rotated_15deg_Lecture_room_video (18)_f315.png,sitting
fa1_outputs\balanced\fall\aug261_D_zoom_1.3x_Coffee_room_02_video (50)_f0.png,fall
fa1_outputs\balanced\fall\aug372_D_zoom_1.3x_Home_01_video (22)_f153.png,fall
fa1_outputs\balanced\standing\Office_video (15)_f79.png,standing
fa1_outputs\balanced\sitting\aug267_B_rotated_15deg_Home_02_video (41)_f216.png,sitting
fa1_outputs\balanced\fall\Coffee_room_02_video (60)_f129.png,fall
fa1_outputs\balanced\sitting\Coffee_room_01_video (31)_f33.png,sitting
fa1_outputs\balanced\normal\Home_02_video (34)_f144.png,normal
fa1_outputs\balanced\sitting\aug861_B_rotated_15deg_Office_video (3)_f58.png,sitting
fa1_outputs\balanced\standing\Office_video (21)_f299.png,standing
fa1_outputs\balanced\standing\Home_01_video (11)_f78.png,standing
fa1_outputs\balanced\standing\Home_02_video (40)_f120.png,standing
fa1_outputs\balanced\standing\Coffee_room_01_video (11)_f96.png,standing
fa1_outputs\balanced\normal\Office_video (29)_f0.png,normal
fa1_outputs\balanced\normal\Coffee_room_02_video (58)_f233.png,normal
fa1_outputs\balanced\sitting\aug342_D_zoom_1.3x_Office_video (32)_f217.png,sitting
fa1_outputs\balanced\walking\aug157_brightness_jitter_Coffee_room_02_video (69)_f641.png,walking
fa1_outputs\balanced\normal\Coffee_room_01_video (22)_f85.png,normal
fa1_outputs\balanced\standing\Lecture_room_video (17)_f354.png,standing
fa1_outputs\balanced\fall\aug250_D_zoom_1.3x_Coffee_room_01_video (8)_f161.png,fall
fa1_outputs\balanced\sitting\aug427_B_rotated_15deg_Home_01_video (26)_f0.png,sitting
fa1_outputs\balanced\walking\aug283_D_zoom_1.3x_Office_video (9)_f61.png,walking
fa1_outputs\balanced\normal\Office_video (7)_f27.png,normal
fa1_outputs\balanced\normal\Coffee_room_01_video (10)_f271.png,normal
fa1_outputs\balanced\standing\Lecture_room_video (7)_f101.png,standing
fa1_outputs\balanced\sitting\Coffee_room_02_video (62)_f112.png,sitting
fa1_outputs\balanced\walking\aug790_brightness_jitter_Coffee_room_01_video (38)_f70.png,walking
fa1_outputs\balanced\fall\Coffee_room_02_video (61)_f657.png,fall
fa1_outputs\balanced\walking\aug160_brightness_jitter_Home_01_video (2)_f30.png,walking
fa1_outputs\balanced\walking\aug614_D_zoom_1.3x_Home_02_video (53)_f27.png,walking
fa1_outputs\balanced\normal\Office_video (27)_f324.png,normal
fa1_outputs\balanced\fall\Home_01_video (25)_f173.png,fall
fa1_outputs\balanced\sitting\aug623_B_rotated_15deg_Home_02_video (45)_f162.png,sitting
fa1_outputs\balanced\sitting\aug688_B_rotated_15deg_Office_video (30)_f498.png,sitting
fa1_outputs\balanced\standing\Office_video (29)_f1068.png,standing
fa1_outputs\balanced\sitting\aug558_B_rotated_15deg_Coffee_room_01_video (34)_f51.png,sitting
fa1_outputs\balanced\fall\Home_01_video (2)_f128.png,fall
fa1_outputs\balanced\standing\Lecture_room_video (23)_f253.png,standing
fa1_outputs\balanced\walking\aug324_brightness_jitter_Home_02_video (50)_f273.png,walking
fa1_outputs\balanced\standing\Coffee_room_01_video (28)_f43.png,standing
fa1_outputs\balanced\sitting\aug838_C_flipped_Office_video (24)_f248.png,sitting
fa1_outputs\balanced\fall\aug539_brightness_jitter_Coffee_room_01_video (16)_f60.png,fall
fa1_outputs\balanced\walking\Coffee_room_01_video (12)_f22.png,walking
fa1_outputs\balanced\standing\Home_02_video (45)_f135.png,standing
fa1_outputs\balanced\sitting\aug91_D_zoom_1.3x_Home_02_video (41)_f216.png,sitting
fa1_outputs\balanced\standing\Lecture_room_video (15)_f355.png,standing
fa1_outputs\balanced\normal\aug334_brightness_jitter_Home_02_video (37)_f180.png,normal
fa1_outputs\balanced\walking\aug285_B_rotated_15deg_Coffee_room_01_video (12)_f22.png,walking
fa1_outputs\balanced\sitting\aug801_D_zoom_1.3x_Home_02_video (45)_f189.png,sitting
fa1_outputs\balanced\standing\Home_02_video (48)_f90.png,standing
fa1_outputs\balanced\standing\Office_video (32)_f476.png,standing
fa1_outputs\balanced\sitting\Coffee_room_01_video (21)_f36.png,sitting
fa1_outputs\balanced\standing\Lecture_room_video (22)_f493.png,standing
fa1_outputs\balanced\sitting\aug112_C_flipped_Office_video (13)_f475.png,sitting
fa1_outputs\balanced\standing\Lecture_room_video (18)_f920.png,standing
fa1_outputs\balanced\fall\aug495_brightness_jitter_Coffee_room_01_video (1)_f56.png,fall
fa1_outputs\balanced\sitting\aug840_D_zoom_1.3x_Office_video (24)_f331.png,sitting
fa1_outputs\balanced\normal\Lecture_room_video (16)_f652.png,normal
fa1_outputs\balanced\sitting\aug244_B_rotated_15deg_Home_01_video (16)_f0.png,sitting
fa1_outputs\balanced\walking\aug494_brightness_jitter_Office_video (28)_f454.png,walking
fa1_outputs\balanced\standing\Coffee_room_02_video (65)_f568.png,standing
fa1_outputs\balanced\sitting\aug191_B_rotated_15deg_Coffee_room_01_video (28)_f21.png,sitting
fa1_outputs\balanced\standing\Home_02_video (43)_f100.png,standing
fa1_outputs\balanced\sitting\aug357_D_zoom_1.3x_Coffee_room_01_video (22)_f28.png,sitting
fa1_outputs\balanced\fall\Office_video (15)_f286.png,fall
fa1_outputs\balanced\fall\Home_01_video (28)_f174.png,fall
fa1_outputs\balanced\normal\aug39_C_flipped_Coffee_room_01_video (17)_f98.png,normal
fa1_outputs\balanced\standing\Home_02_video (49)_f187.png,standing
fa1_outputs\balanced\normal\Office_video (31)_f40.png,normal
fa1_outputs\balanced\standing\Office_video (30)_f1091.png,standing
fa1_outputs\balanced\fall\Coffee_room_01_video (7)_f139.png,fall
fa1_outputs\balanced\sitting\Office_video (24)_f207.png,sitting
fa1_outputs\balanced\normal\Home_01_video (30)_f144.png,normal
fa1_outputs\balanced\normal\Lecture_room_video (19)_f102.png,normal
fa1_outputs\balanced\sitting\aug845_brightness_jitter_Office_video (25)_f592.png,sitting
fa1_outputs\balanced\standing\Lecture_room_video (5)_f116.png,standing
fa1_outputs\balanced\standing\Home_02_video (42)_f42.png,standing
fa1_outputs\balanced\fall\Coffee_room_01_video (32)_f223.png,fall
fa1_outputs\balanced\normal\aug89_D_zoom_1.3x_Coffee_room_01_video (33)_f0.png,normal
fa1_outputs\balanced\fall\aug474_D_zoom_1.3x_Office_video (16)_f385.png,fall
fa1_outputs\balanced\normal\Home_01_video (1)_f0.png,normal
fa1_outputs\balanced\standing\Coffee_room_02_video (67)_f216.png,standing
fa1_outputs\balanced\standing\Home_02_video (56)_f135.png,standing
fa1_outputs\balanced\standing\Home_02_video (51)_f132.png,standing
fa1_outputs\balanced\walking\aug707_B_rotated_15deg_Office_video (28)_f454.png,walking
fa1_outputs\balanced\walking\aug649_B_rotated_15deg_Coffee_room_01_video (38)_f88.png,walking
fa1_outputs\balanced\sitting\aug305_C_flipped_Office_video (23)_f429.png,sitting
fa1_outputs\balanced\walking\aug397_D_zoom_1.3x_Home_02_video (50)_f78.png,walking
fa1_outputs\balanced\sitting\aug815_C_flipped_Lecture_room_video (24)_f288.png,sitting
fa1_outputs\balanced\sitting\aug334_B_rotated_15deg_Office_video (3)_f93.png,sitting
fa1_outputs\balanced\fall\Coffee_room_01_video (1)_f72.png,fall
fa1_outputs\balanced\walking\aug976_C_flipped_Home_02_video (60)_f62.png,walking
fa1_outputs\balanced\walking\Home_02_video (45)_f21.png,walking
fa1_outputs\balanced\sitting\aug589_brightness_jitter_Coffee_room_02_video (57)_f211.png,sitting
fa1_outputs\balanced\standing\Home_01_video (8)_f213.png,standing
fa1_outputs\balanced\walking\aug410_B_rotated_15deg_Lecture_room_video (12)_f421.png,walking
fa1_outputs\balanced\walking\aug344_D_zoom_1.3x_Office_video (15)_f39.png,walking
fa1_outputs\balanced\fall\Coffee_room_01_video (31)_f158.png,fall
fa1_outputs\balanced\normal\aug134_D_zoom_1.3x_Coffee_room_01_video (7)_f152.png,normal
fa1_outputs\balanced\fall\aug374_D_zoom_1.3x_Home_01_video (23)_f165.png,fall
fa1_outputs\balanced\fall\aug383_brightness_jitter_Home_01_video (26)_f132.png,fall
fa1_outputs\balanced\walking\aug972_brightness_jitter_Home_02_video (55)_f0.png,walking
fa1_outputs\balanced\normal\aug285_B_rotated_15deg_Home_01_video (30)_f115.png,normal
fa1_outputs\balanced\sitting\aug183_D_zoom_1.3x_Coffee_room_01_video (22)_f57.png,sitting
fa1_outputs\balanced\walking\Office_video (18)_f574.png,walking
fa1_outputs\balanced\sitting\aug421_C_flipped_Home_01_video (16)_f33.png,sitting
fa1_outputs\balanced\fall\Home_01_video (7)_f139.png,fall
fa1_outputs\balanced\standing\Home_02_video (51)_f231.png,standing
fa1_outputs\balanced\normal\Coffee_room_01_video (1)_f137.png,normal
fa1_outputs\balanced\walking\aug444_B_rotated_15deg_Home_01_video (2)_f30.png,walking
fa1_outputs\balanced\fall\aug52_D_zoom_1.3x_Coffee_room_01_video (17)_f31.png,fall
fa1_outputs\balanced\walking\aug835_D_zoom_1.3x_Home_02_video (60)_f78.png,walking
fa1_outputs\balanced\walking\aug785_C_flipped_Coffee_room_01_video (24)_f33.png,walking
fa1_outputs\balanced\sitting\aug686_brightness_jitter_Office_video (3)_f93.png,sitting
fa1_outputs\balanced\sitting\aug852_brightness_jitter_Office_video (3)_f0.png,sitting
fa1_outputs\balanced\fall\aug74_C_flipped_Coffee_room_01_video (2)_f192.png,fall
fa1_outputs\balanced\sitting\aug699_B_rotated_15deg_Office_video (4)_f120.png,sitting
fa1_outputs\balanced\walking\aug748_C_flipped_Home_02_video (49)_f62.png,walking
fa1_outputs\balanced\standing\Coffee_room_02_video (70)_f83.png,standing
fa1_outputs\balanced\fall\aug280_D_zoom_1.3x_Coffee_room_02_video (53)_f287.png,fall
fa1_outputs\balanced\walking\aug703_B_rotated_15deg_Office_video (18)_f612.png,walking
fa1_outputs\balanced\standing\Home_02_video (50)_f195.png,standing
fa1_outputs\balanced\standing\Office_video (19)_f197.png,standing
fa1_outputs\balanced\standing\Lecture_room_video (15)_f533.png,standing
fa1_outputs\balanced\walking\aug429_D_zoom_1.3x_Coffee_room_01_video (17)_f19.png,walking
fa1_outputs\balanced\walking\aug871_B_rotated_15deg_Home_01_video (20)_f129.png,walking
fa1_outputs\balanced\sitting\aug10_D_zoom_1.3x_Coffee_room_01_video (27)_f0.png,sitting
fa1_outputs\balanced\walking\aug745_D_zoom_1.3x_Home_02_video (47)_f252.png,walking
fa1_outputs\balanced\fall\aug343_D_zoom_1.3x_Home_01_video (1)_f159.png,fall
fa1_outputs\balanced\standing\Home_02_video (44)_f235.png,standing
fa1_outputs\balanced\sitting\aug162_brightness_jitter_Office_video (30)_f748.png,sitting
fa1_outputs\balanced\standing\Home_01_video (10)_f249.png,standing
fa1_outputs\balanced\normal\aug124_C_flipped_Coffee_room_01_video (45)_f188.png,normal
fa1_outputs\balanced\standing\Coffee_room_02_video (64)_f106.png,standing
fa1_outputs\balanced\sitting\Office_video (25)_f247.png,sitting
fa1_outputs\balanced\sitting\aug497_D_zoom_1.3x_Office_video (27)_f567.png,sitting
fa1_outputs\balanced\standing\Home_02_video (44)_f94.png,standing
fa1_outputs\balanced\standing\Office_video (29)_f244.png,standing
fa1_outputs\balanced\sitting\aug758_brightness_jitter_Coffee_room_02_video (56)_f161.png,sitting
fa1_outputs\balanced\walking\aug743_D_zoom_1.3x_Home_02_video (45)_f21.png,walking
fa1_outputs\balanced\sitting\aug78_brightness_jitter_Home_01_video (26)_f54.png,sitting
fa1_outputs\balanced\fall\Office_video (7)_f130.png,fall
fa1_outputs\balanced\walking\aug252_D_zoom_1.3x_Home_02_video (49)_f78.png,walking
fa1_outputs\balanced\normal\Home_02_video (34)_f60.png,normal
fa1_outputs\balanced\sitting\Home_02_video (34)_f30.png,sitting
fa1_outputs\balanced\fall\Coffee_room_01_video (26)_f250.png,fall
fa1_outputs\balanced\fall\aug552_D_zoom_1.3x_Coffee_room_01_video (18)_f154.png,fall
fa1_outputs\balanced\normal\Coffee_room_01_video (14)_f154.png,normal
fa1_outputs\balanced\fall\aug252_D_zoom_1.3x_Coffee_room_01_video (8)_f169.png,fall
fa1_outputs\balanced\normal\aug126_B_rotated_15deg_Coffee_room_01_video (48)_f467.png,normal
fa1_outputs\balanced\normal\aug37_B_rotated_15deg_Coffee_room_01_video (17)_f59.png,normal
fa1_outputs\balanced\sitting\aug36_B_rotated_15deg_Coffee_room_01_video (42)_f39.png,sitting
fa1_outputs\balanced\walking\aug931_brightness_jitter_Coffee_room_01_video (38)_f140.png,walking
fa1_outputs\balanced\sitting\aug24_brightness_jitter_Coffee_room_01_video (34)_f0.png,sitting
fa1_outputs\balanced\normal\aug131_C_flipped_Coffee_room_01_video (6)_f209.png,normal
fa1_outputs\balanced\fall\aug174_B_rotated_15deg_Coffee_room_01_video (36)_f1109.png,fall
fa1_outputs\balanced\sitting\aug826_brightness_jitter_Office_video (19)_f123.png,sitting
fa1_outputs\balanced\walking\Coffee_room_01_video (38)_f88.png,walking
fa1_outputs\balanced\sitting\aug254_B_rotated_15deg_Home_01_video (26)_f54.png,sitting
fa1_outputs\balanced\sitting\aug175_brightness_jitter_Office_video (6)_f155.png,sitting
fa1_outputs\balanced\standing\Home_02_video (51)_f99.png,standing
fa1_outputs\balanced\walking\aug878_brightness_jitter_Home_01_video (3)_f30.png,walking
fa1_outputs\balanced\walking\aug8_D_zoom_1.3x_Coffee_room_01_video (38)_f140.png,walking
fa1_outputs\balanced\walking\Home_01_video (29)_f108.png,walking
fa1_outputs\balanced\sitting\aug799_C_flipped_Home_02_video (45)_f162.png,sitting
fa1_outputs\balanced\walking\aug655_C_flipped_Coffee_room_02_video (70)_f167.png,walking
fa1_outputs\balanced\sitting\aug58_C_flipped_Coffee_room_02_video (57)_f0.png,sitting
fa1_outputs\balanced\fall\Coffee_room_01_video (46)_f175.png,fall
fa1_outputs\balanced\sitting\aug594_B_rotated_15deg_Coffee_room_02_video (68)_f1285.png,sitting
fa1_outputs\balanced\sitting\aug233_D_zoom_1.3x_Coffee_room_02_video (56)_f86.png,sitting
fa1_outputs\balanced\normal\aug346_C_flipped_Home_02_video (39)_f0.png,normal
fa1_outputs\balanced\walking\aug775_C_flipped_Office_video (19)_f263.png,walking
fa1_outputs\balanced\sitting\Office_video (22)_f66.png,sitting
fa1_outputs\balanced\fall\Coffee_room_01_video (34)_f337.png,fall
fa1_outputs\balanced\sitting\aug113_D_zoom_1.3x_Office_video (13)_f554.png,sitting
fa1_outputs\balanced\standing\Home_02_video (55)_f108.png,standing
fa1_outputs\balanced\standing\Home_02_video (45)_f0.png,standing
fa1_outputs\balanced\normal\aug34_B_rotated_15deg_Coffee_room_01_video (16)_f88.png,normal
fa1_outputs\balanced\walking\aug769_D_zoom_1.3x_Office_video (15)_f0.png,walking
fa1_outputs\balanced\walking\aug804_D_zoom_1.3x_Home_01_video (26)_f129.png,walking
fa1_outputs\balanced\walking\aug603_B_rotated_15deg_Home_02_video (47)_f252.png,walking
fa1_outputs\balanced\normal\Coffee_room_02_video (50)_f1709.png,normal
fa1_outputs\balanced\sitting\aug213_brightness_jitter_Coffee_room_01_video (43)_f0.png,sitting
fa1_outputs\balanced\normal\Home_01_video (27)_f48.png,normal
fa1_outputs\balanced\normal\Coffee_room_02_video (61)_f492.png,normal
fa1_outputs\balanced\standing\Coffee_room_02_video (63)_f149.png,standing
fa1_outputs\balanced\normal\Home_01_video (1)_f165.png,normal
fa1_outputs\balanced\sitting\aug79_D_zoom_1.3x_Home_01_video (27)_f0.png,sitting
fa1_outputs\balanced\standing\Coffee_room_01_video (22)_f114.png,standing
fa1_outputs\balanced\standing\Office_video (7)_f86.png,standing
fa1_outputs\balanced\walking\aug441_C_flipped_Coffee_room_02_video (69)_f641.png,walking
fa1_outputs\balanced\normal\Home_02_video (45)_f108.png,normal
fa1_outputs\balanced\walking\aug684_D_zoom_1.3x_Home_02_video (53)_f21.png,walking
fa1_outputs\balanced\walking\aug818_D_zoom_1.3x_Home_02_video (49)_f273.png,walking
fa1_outputs\balanced\standing\Home_02_video (40)_f180.png,standing
fa1_outputs\balanced\fall\Coffee_room_01_video (16)_f106.png,fall
fa1_outputs\balanced\normal\Coffee_room_01_video (19)_f186.png,normal
fa1_outputs\balanced\fall\Coffee_room_02_video (49)_f447.png,fall
fa1_outputs\balanced\normal\Home_01_video (17)_f60.png,normal
fa1_outputs\balanced\walking\aug834_B_rotated_15deg_Home_02_video (60)_f62.png,walking
fa1_outputs\balanced\fall\Coffee_room_01_video (1)_f78.png,fall
fa1_outputs\balanced\normal\Office_video (13)_f396.png,normal
fa1_outputs\balanced\sitting\Coffee_room_01_video (32)_f38.png,sitting
fa1_outputs\balanced\walking\Lecture_room_video (2)_f379.png,walking
fa1_outputs\balanced\normal\aug333_B_rotated_15deg_Home_02_video (37)_f150.png,normal
fa1_outputs\balanced\sitting\aug88_C_flipped_Home_02_video (34)_f48.png,sitting
fa1_outputs\balanced\normal\aug403_brightness_jitter_Home_02_video (55)_f189.png,normal
fa1_outputs\balanced\walking\aug611_C_flipped_Home_02_video (52)_f21.png,walking
fa1_outputs\balanced\sitting\aug644_brightness_jitter_Office_video (16)_f128.png,sitting
fa1_outputs\balanced\normal\aug240_B_rotated_15deg_Home_01_video (21)_f54.png,normal
fa1_outputs\balanced\normal\Home_02_video (57)_f30.png,normal
fa1_outputs\balanced\fall\Office_video (16)_f342.png,fall
fa1_outputs\balanced\normal\aug383_D_zoom_1.3x_Home_02_video (51)_f0.png,normal
fa1_outputs\balanced\normal\Home_02_video (53)_f0.png,normal
fa1_outputs\balanced\standing\Lecture_room_video (25)_f141.png,standing
fa1_outputs\balanced\walking\Coffee_room_01_video (38)_f0.png,walking
fa1_outputs\balanced\sitting\aug217_brightness_jitter_Coffee_room_01_video (48)_f311.png,sitting
fa1_outputs\balanced\normal\Office_video (4)_f280.png,normal
fa1_outputs\balanced\walking\aug742_brightness_jitter_Home_02_video (37)_f0.png,walking
fa1_outputs\balanced\standing\Home_01_video (26)_f108.png,standing
fa1_outputs\balanced\normal\Home_02_video (60)_f39.png,normal
fa1_outputs\balanced\normal\Home_02_video (46)_f33.png,normal
fa1_outputs\balanced\standing\Home_02_video (40)_f144.png,standing
fa1_outputs\balanced\sitting\aug336_brightness_jitter_Office_video (30)_f498.png,sitting
fa1_outputs\balanced\walking\aug685_B_rotated_15deg_Home_02_video (53)_f27.png,walking
fa1_outputs\balanced\sitting\aug397_brightness_jitter_Coffee_room_02_video (52)_f26.png,sitting
fa1_outputs\balanced\standing\Coffee_room_01_video (43)_f269.png,standing
fa1_outputs\balanced\walking\aug196_D_zoom_1.3x_Home_02_video (60)_f78.png,walking
fa1_outputs\balanced\sitting\aug556_C_flipped_Coffee_room_01_video (34)_f207.png,sitting
fa1_outputs\balanced\normal\Office_video (22)_f132.png,normal
fa1_outputs\balanced\standing\Coffee_room_01_video (40)_f131.png,standing
fa1_outputs\balanced\sitting\aug672_B_rotated_15deg_Office_video (27)_f506.png,sitting
fa1_outputs\balanced\fall\aug96_brightness_jitter_Coffee_room_01_video (24)_f209.png,fall
fa1_outputs\balanced\standing\Coffee_room_01_video (33)_f56.png,standing
fa1_outputs\balanced\sitting\aug410_C_flipped_Coffee_room_02_video (57)_f0.png,sitting
fa1_outputs\balanced\fall\Coffee_room_01_video (40)_f280.png,fall
fa1_outputs\balanced\sitting\aug759_B_rotated_15deg_Coffee_room_02_video (56)_f172.png,sitting
fa1_outputs\balanced\sitting\aug241_D_zoom_1.3x_Coffee_room_02_video (62)_f141.png,sitting
fa1_outputs\balanced\sitting\Coffee_room_02_video (55)_f64.png,sitting
fa1_outputs\balanced\sitting\aug615_D_zoom_1.3x_Home_02_video (34)_f30.png,sitting
fa1_outputs\balanced\normal\Coffee_room_01_video (14)_f88.png,normal
fa1_outputs\balanced\standing\Coffee_room_01_video (32)_f61.png,standing
fa1_outputs\balanced\normal\aug120_brightness_jitter_Coffee_room_01_video (44)_f53.png,normal
fa1_outputs\balanced\walking\aug484_C_flipped_Lecture_room_video (7)_f235.png,walking
fa1_outputs\balanced\fall\Home_02_video (55)_f151.png,fall
fa1_outputs\balanced\normal\Coffee_room_01_video (8)_f225.png,normal
fa1_outputs\balanced\fall\Coffee_room_01_video (1)_f125.png,fall
fa1_outputs\balanced\walking\aug509_B_rotated_15deg_Coffee_room_02_video (58)_f38.png,walking
fa1_outputs\balanced\walking\aug149_B_rotated_15deg_Coffee_room_01_video (38)_f0.png,walking
fa1_outputs\balanced\standing\Office_video (29)_f976.png,standing
fa1_outputs\balanced\fall\aug162_B_rotated_15deg_Coffee_room_01_video (34)_f350.png,fall
fa1_outputs\balanced\standing\Home_01_video (28)_f108.png,standing
fa1_outputs\balanced\normal\aug148_D_zoom_1.3x_Coffee_room_02_video (50)_f1709.png,normal
fa1_outputs\balanced\standing\Home_02_video (49)_f218.png,standing
fa1_outputs\balanced\standing\Coffee_room_02_video (65)_f497.png,standing
fa1_outputs\balanced\fall\Coffee_room_01_video (22)_f128.png,fall
fa1_outputs\balanced\sitting\aug11_D_zoom_1.3x_Coffee_room_01_video (27)_f31.png,sitting
fa1_outputs\balanced\fall\Coffee_room_02_video (70)_f755.png,fall
fa1_outputs\balanced\fall\Coffee_room_01_video (16)_f141.png,fall
fa1_outputs\balanced\walking\aug946_B_rotated_15deg_Home_01_video (26)_f129.png,walking
fa1_outputs\balanced\normal\Coffee_room_02_video (53)_f335.png,normal
fa1_outputs\balanced\fall\Coffee_room_01_video (44)_f66.png,fall
fa1_outputs\balanced\normal\aug13_C_flipped_Coffee_room_01_video (13)_f30.png,normal
fa1_outputs\balanced\sitting\Home_02_video (41)_f216.png,sitting
fa1_outputs\balanced\fall\aug61_C_flipped_Coffee_room_01_video (18)_f168.png,fall
fa1_outputs\balanced\walking\aug218_C_flipped_Coffee_room_01_video (24)_f66.png,walking
fa1_outputs\balanced\normal\aug382_brightness_jitter_Home_02_video (50)_f31.png,normal
fa1_outputs\balanced\fall\Home_01_video (25)_f85.png,fall
fa1_outputs\balanced\standing\Lecture_room_video (7)_f134.png,standing
fa1_outputs\balanced\walking\aug900_D_zoom_1.3x_Home_02_video (54)_f54.png,walking
fa1_outputs\balanced\walking\aug966_C_flipped_Home_02_video (52)_f21.png,walking
fa1_outputs\balanced\normal\Coffee_room_01_video (44)_f99.png,normal
fa1_outputs\balanced\normal\aug303_C_flipped_Home_01_video (7)_f162.png,normal
fa1_outputs\balanced\walking\aug856_B_rotated_15deg_Coffee_room_01_video (24)_f33.png,walking
fa1_outputs\balanced\sitting\aug298_D_zoom_1.3x_Office_video (19)_f123.png,sitting
fa1_outputs\balanced\sitting\aug172_D_zoom_1.3x_Office_video (4)_f128.png,sitting
fa1_outputs\balanced\normal\Coffee_room_01_video (15)_f17.png,normal
fa1_outputs\balanced\sitting\aug457_brightness_jitter_Home_02_video (59)_f43.png,sitting
fa1_outputs\balanced\standing\Coffee_room_01_video (20)_f166.png,standing
fa1_outputs\balanced\normal\aug378_brightness_jitter_Home_02_video (48)_f120.png,normal
fa1_outputs\balanced\walking\aug699_C_flipped_Office_video (15)_f39.png,walking
fa1_outputs\balanced\standing\Home_02_video (44)_f78.png,standing
fa1_outputs\balanced\fall\aug274_B_rotated_15deg_Coffee_room_02_video (52)_f172.png,fall
fa1_outputs\balanced\normal\aug224_brightness_jitter_Home_01_video (19)_f48.png,normal
fa1_outputs\balanced\standing\Office_video (10)_f100.png,standing
fa1_outputs\balanced\normal\aug282_B_rotated_15deg_Home_01_video (3)_f120.png,normal
fa1_outputs\balanced\standing\Home_02_video (58)_f294.png,standing
fa1_outputs\balanced\standing\Office_video (24)_f518.png,standing
fa1_outputs\balanced\standing\Coffee_room_01_video (36)_f962.png,standing
fa1_outputs\balanced\sitting\aug819_brightness_jitter_Office_video (16)_f107.png,sitting
fa1_outputs\balanced\normal\Office_video (7)_f135.png,normal
fa1_outputs\balanced\standing\Office_video (22)_f154.png,standing
fa1_outputs\balanced\normal\Coffee_room_01_video (37)_f180.png,normal
fa1_outputs\balanced\walking\aug610_C_flipped_Home_02_video (50)_f78.png,walking
fa1_outputs\balanced\standing\Office_video (19)_f230.png,standing
fa1_outputs\balanced\walking\aug67_C_flipped_Office_video (20)_f212.png,walking
fa1_outputs\balanced\normal\Office_video (19)_f98.png,normal
fa1_outputs\balanced\fall\aug221_D_zoom_1.3x_Coffee_room_01_video (45)_f121.png,fall
fa1_outputs\balanced\walking\aug848_C_flipped_Office_video (20)_f212.png,walking
fa1_outputs\balanced\standing\Coffee_room_01_video (48)_f194.png,standing
fa1_outputs\balanced\walking\aug773_brightness_jitter_Office_video (18)_f574.png,walking
fa1_outputs\balanced\sitting\Coffee_room_02_video (62)_f141.png,sitting
fa1_outputs\balanced\standing\Home_02_video (54)_f81.png,standing
fa1_outputs\balanced\normal\Coffee_room_01_video (5)_f22.png,normal
fa1_outputs\balanced\sitting\aug821_C_flipped_Office_video (16)_f160.png,sitting
fa1_outputs\balanced\normal\aug272_B_rotated_15deg_Home_01_video (27)_f48.png,normal
fa1_outputs\balanced\normal\Lecture_room_video (6)_f249.png,normal
fa1_outputs\balanced\sitting\Office_video (23)_f687.png,sitting
fa1_outputs\balanced\walking\aug604_C_flipped_Home_02_video (48)_f0.png,walking
fa1_outputs\balanced\normal\Home_02_video (39)_f72.png,normal
fa1_outputs\balanced\normal\Home_02_video (40)_f96.png,normal
fa1_outputs\balanced\fall\aug179_brightness_jitter_Coffee_room_01_video (38)_f237.png,fall
fa1_outputs\balanced\standing\Office_video (28)_f303.png,standing
fa1_outputs\balanced\fall\Coffee_room_01_video (35)_f74.png,fall
fa1_outputs\balanced\fall\Coffee_room_01_video (16)_f60.png,fall
fa1_outputs\balanced\sitting\Coffee_room_01_video (27)_f0.png,sitting
fa1_outputs\balanced\normal\Home_01_video (19)_f120.png,normal
fa1_outputs\balanced\normal\aug336_B_rotated_15deg_Home_02_video (37)_f30.png,normal
fa1_outputs\balanced\sitting\Home_02_video (44)_f282.png,sitting
fa1_outputs\balanced\sitting\aug378_D_zoom_1.3x_Coffee_room_01_video (34)_f155.png,sitting
fa1_outputs\balanced\fall\Coffee_room_01_video (20)_f352.png,fall
fa1_outputs\balanced\normal\Home_02_video (55)_f135.png,normal
fa1_outputs\balanced\normal\Office_video (10)_f201.png,normal
fa1_outputs\balanced\normal\Coffee_room_02_video (66)_f111.png,normal
fa1_outputs\balanced\fall\aug339_B_rotated_15deg_Home_01_video (1)_f144.png,fall
fa1_outputs\balanced\sitting\Office_video (20)_f199.png,sitting
fa1_outputs\balanced\walking\aug244_D_zoom_1.3x_Home_01_video (9)_f252.png,walking
fa1_outputs\balanced\normal\Office_video (23)_f286.png,normal
fa1_outputs\balanced\walking\aug542_D_zoom_1.3x_Home_02_video (53)_f21.png,walking
fa1_outputs\balanced\walking\aug868_B_rotated_15deg_Coffee_room_02_video (70)_f167.png,walking
fa1_outputs\balanced\normal\aug227_C_flipped_Home_01_video (2)_f0.png,normal
fa1_outputs\balanced\fall\Coffee_room_02_video (62)_f184.png,fall
fa1_outputs\balanced\walking\aug222_B_rotated_15deg_Coffee_room_01_video (38)_f70.png,walking
fa1_outputs\balanced\walking\aug49_D_zoom_1.3x_Home_02_video (55)_f0.png,walking
fa1_outputs\balanced\walking\aug385_C_flipped_Home_01_video (8)_f178.png,walking
fa1_outputs\balanced\normal\aug193_C_flipped_Coffee_room_02_video (66)_f89.png,normal
fa1_outputs\balanced\normal\Coffee_room_01_video (15)_f105.png,normal
fa1_outputs\balanced\normal\aug299_B_rotated_15deg_Home_01_video (6)_f115.png,normal
fa1_outputs\balanced\fall\aug395_brightness_jitter_Home_01_video (28)_f86.png,fall
fa1_outputs\balanced\walking\aug127_C_flipped_Lecture_room_video (2)_f379.png,walking
fa1_outputs\balanced\normal\Coffee_room_01_video (2)_f267.png,normal
fa1_outputs\balanced\sitting\aug529_D_zoom_1.3x_Coffee_room_01_video (21)_f0.png,sitting
fa1_outputs\balanced\sitting\aug461_D_zoom_1.3x_Lecture_room_video (19)_f327.png,sitting
fa1_outputs\balanced\walking\aug789_B_rotated_15deg_Coffee_room_01_video (38)_f140.png,walking
fa1_outputs\balanced\sitting\aug209_B_rotated_15deg_Coffee_room_01_video (42)_f0.png,sitting
fa1_outputs\balanced\standing\Coffee_room_02_video (49)_f369.png,standing
fa1_outputs\balanced\fall\Coffee_room_01_video (25)_f158.png,fall
fa1_outputs\balanced\fall\Office_video (4)_f256.png,fall
fa1_outputs\balanced\sitting\aug571_B_rotated_15deg_Coffee_room_02_video (52)_f0.png,sitting
fa1_outputs\balanced\fall\Coffee_room_01_video (31)_f176.png,fall
fa1_outputs\balanced\standing\Coffee_room_01_video (1)_f39.png,standing
fa1_outputs\balanced\standing\Office_video (25)_f370.png,standing
fa1_outputs\balanced\fall\Coffee_room_01_video (35)_f138.png,fall
fa1_outputs\balanced\normal\aug15_brightness_jitter_Coffee_room_01_video (14)_f105.png,normal
fa1_outputs\balanced\fall\Coffee_room_02_video (55)_f242.png,fall
fa1_outputs\balanced\fall\aug207_C_flipped_Coffee_room_01_video (42)_f121.png,fall
fa1_outputs\balanced\fall\aug412_B_rotated_15deg_Home_01_video (4)_f160.png,fall
fa1_outputs\balanced\fall\Home_01_video (13)_f156.png,fall
fa1_outputs\balanced\fall\aug496_C_flipped_Coffee_room_01_video (1)_f58.png,fall
fa1_outputs\balanced\standing\Home_02_video (52)_f129.png,standing
fa1_outputs\balanced\normal\aug128_D_zoom_1.3x_Coffee_room_01_video (5)_f22.png,normal
fa1_outputs\balanced\walking\aug70_D_zoom_1.3x_Office_video (9)_f61.png,walking
fa1_outputs\balanced\fall\aug400_D_zoom_1.3x_Home_01_video (3)_f125.png,fall
fa1_outputs\balanced\normal\aug256_D_zoom_1.3x_Home_01_video (24)_f120.png,normal
fa1_outputs\balanced\normal\Coffee_room_01_video (26)_f139.png,normal
fa1_outputs\balanced\fall\Coffee_room_01_video (5)_f135.png,fall
fa1_outputs\balanced\normal\aug1_C_flipped_Coffee_room_01_video (1)_f137.png,normal
fa1_outputs\balanced\fall\aug89_C_flipped_Coffee_room_01_video (21)_f91.png,fall
fa1_outputs\balanced\walking\aug593_brightness_jitter_Home_01_video (29)_f108.png,walking
fa1_outputs\balanced\walking\aug362_D_zoom_1.3x_Coffee_room_01_video (38)_f0.png,walking
fa1_outputs\balanced\walking\aug806_brightness_jitter_Home_01_video (29)_f108.png,walking
fa1_outputs\balanced\sitting\aug115_C_flipped_Office_video (16)_f107.png,sitting
fa1_outputs\balanced\sitting\aug562_brightness_jitter_Coffee_room_01_video (42)_f19.png,sitting
fa1_outputs\balanced\walking\aug782_D_zoom_1.3x_Coffee_room_01_video (12)_f22.png,walking
fa1_outputs\balanced\sitting\aug844_D_zoom_1.3x_Office_video (25)_f494.png,sitting
fa1_outputs\balanced\normal\Lecture_room_video (11)_f326.png,normal
fa1_outputs\balanced\walking\aug693_B_rotated_15deg_Home_02_video (60)_f78.png,walking
fa1_outputs\balanced\standing\Coffee_room_01_video (45)_f26.png,standing
fa1_outputs\balanced\walking\aug50_D_zoom_1.3x_Home_02_video (55)_f162.png,walking
fa1_outputs\balanced\fall\Home_02_video (37)_f144.png,fall
fa1_outputs\balanced\sitting\aug391_brightness_jitter_Coffee_room_01_video (48)_f0.png,sitting
fa1_outputs\balanced\fall\Coffee_room_01_video (20)_f375.png,fall
fa1_outputs\balanced\sitting\aug521_C_flipped_Office_video (33)_f255.png,sitting
fa1_outputs\balanced\normal\Home_01_video (25)_f79.png,normal
fa1_outputs\balanced\walking\aug739_D_zoom_1.3x_Home_01_video (4)_f30.png,walking
fa1_outputs\balanced\standing\Office_video (15)_f119.png,standing
fa1_outputs\balanced\walking\aug920_D_zoom_1.3x_Office_video (28)_f454.png,walking
fa1_outputs\balanced\sitting\aug596_brightness_jitter_Home_01_video (16)_f0.png,sitting
fa1_outputs\balanced\standing\Home_02_video (59)_f135.png,standing
fa1_outputs\balanced\normal\Home_01_video (2)_f90.png,normal
fa1_outputs\balanced\fall\aug105_D_zoom_1.3x_Coffee_room_01_video (25)_f179.png,fall
fa1_outputs\balanced\sitting\aug522_D_zoom_1.3x_Office_video (33)_f319.png,sitting
fa1_outputs\balanced\standing\Home_02_video (53)_f54.png,standing
fa1_outputs\balanced\sitting\Office_video (24)_f248.png,sitting
fa1_outputs\balanced\standing\Lecture_room_video (19)_f163.png,standing
fa1_outputs\balanced\standing\Coffee_room_01_video (11)_f362.png,standing
fa1_outputs\balanced\fall\aug237_B_rotated_15deg_Coffee_room_01_video (5)_f145.png,fall
fa1_outputs\balanced\fall\aug289_B_rotated_15deg_Coffee_room_02_video (55)_f242.png,fall
fa1_outputs\balanced\fall\aug359_brightness_jitter_Home_01_video (19)_f0.png,fall
fa1_outputs\balanced\sitting\aug324_brightness_jitter_Office_video (3)_f0.png,sitting
fa1_outputs\balanced\standing\Coffee_room_01_video (46)_f0.png,standing
fa1_outputs\balanced\standing\Office_video (12)_f0.png,standing
fa1_outputs\balanced\walking\aug702_C_flipped_Office_video (18)_f574.png,walking
fa1_outputs\balanced\standing\Lecture_room_video (21)_f339.png,standing
fa1_outputs\balanced\walking\aug387_D_zoom_1.3x_Home_02_video (37)_f0.png,walking
fa1_outputs\balanced\normal\aug376_brightness_jitter_Home_02_video (47)_f259.png,normal
fa1_outputs\balanced\standing\Coffee_room_02_video (58)_f116.png,standing
fa1_outputs\balanced\fall\Coffee_room_01_video (4)_f123.png,fall
fa1_outputs\balanced\walking\aug802_C_flipped_Home_01_video (21)_f129.png,walking
fa1_outputs\balanced\walking\aug951_B_rotated_15deg_Home_01_video (30)_f72.png,walking
fa1_outputs\balanced\fall\aug220_C_flipped_Coffee_room_01_video (45)_f114.png,fall
fa1_outputs\balanced\sitting\aug285_brightness_jitter_Lecture_room_video (19)_f327.png,sitting
fa1_outputs\balanced\walking\aug530_B_rotated_15deg_Home_02_video (45)_f21.png,walking
fa1_outputs\balanced\fall\Home_01_video (19)_f38.png,fall
fa1_outputs\balanced\fall\aug77_brightness_jitter_Coffee_room_01_video (2)_f212.png,fall
fa1_outputs\balanced\sitting\Coffee_room_02_video (52)_f26.png,sitting
fa1_outputs\balanced\normal\Home_02_video (51)_f26.png,normal
fa1_outputs\balanced\sitting\Home_02_video (34)_f48.png,sitting
fa1_outputs\balanced\standing\Coffee_room_01_video (30)_f72.png,standing
fa1_outputs\balanced\sitting\aug659_C_flipped_Office_video (23)_f716.png,sitting
fa1_outputs\balanced\walking\aug816_D_zoom_1.3x_Home_02_video (47)_f252.png,walking
fa1_outputs\balanced\sitting\aug129_B_rotated_15deg_Office_video (23)_f429.png,sitting
fa1_outputs\balanced\normal\Coffee_room_02_video (63)_f417.png,normal
fa1_outputs\balanced\fall\aug257_B_rotated_15deg_Coffee_room_02_video (49)_f433.png,fall
fa1_outputs\balanced\walking\aug906_brightness_jitter_Home_02_video (60)_f78.png,walking
fa1_outputs\balanced\walking\aug492_brightness_jitter_Office_video (19)_f41.png,walking
fa1_outputs\balanced\sitting\aug90_C_flipped_Home_02_video (41)_f210.png,sitting
fa1_outputs\balanced\walking\aug155_brightness_jitter_Coffee_room_02_video (60)_f0.png,walking
fa1_outputs\balanced\fall\aug49_brightness_jitter_Coffee_room_01_video (17)_f126.png,fall
fa1_outputs\balanced\normal\aug239_C_flipped_Home_01_video (21)_f43.png,normal
fa1_outputs\balanced\sitting\aug194_brightness_jitter_Coffee_room_01_video (31)_f198.png,sitting
fa1_outputs\balanced\fall\aug477_brightness_jitter_Office_video (23)_f916.png,fall
fa1_outputs\balanced\normal\aug306_brightness_jitter_Home_01_video (7)_f43.png,normal
fa1_outputs\balanced\standing\Coffee_room_01_video (14)_f35.png,standing
fa1_outputs\balanced\walking\aug97_B_rotated_15deg_Home_01_video (3)_f30.png,walking
fa1_outputs\balanced\walking\aug89_brightness_jitter_Home_01_video (2)_f30.png,walking
fa1_outputs\balanced\standing\Home_01_video (13)_f60.png,standing
fa1_outputs\balanced\sitting\aug22_D_zoom_1.3x_Coffee_room_01_video (32)_f0.png,sitting
fa1_outputs\balanced\standing\Office_video (19)_f205.png,standing
fa1_outputs\balanced\standing\Coffee_room_02_video (61)_f131.png,standing
fa1_outputs\balanced\standing\Coffee_room_01_video (43)_f89.png,standing
fa1_outputs\balanced\fall\Home_01_video (12)_f164.png,fall
fa1_outputs\balanced\normal\Coffee_room_02_video (51)_f177.png,normal
fa1_outputs\balanced\standing\Coffee_room_01_video (20)_f177.png,standing
fa1_outputs\balanced\fall\Coffee_room_01_video (14)_f64.png,fall
fa1_outputs\balanced\walking\aug631_D_zoom_1.3x_Office_video (18)_f574.png,walking
fa1_outputs\balanced\fall\Coffee_room_02_video (64)_f159.png,fall
fa1_outputs\balanced\fall\Coffee_room_01_video (7)_f108.png,fall
fa1_outputs\balanced\standing\Lecture_room_video (15)_f370.png,standing
fa1_outputs\balanced\walking\aug709_B_rotated_15deg_Office_video (9)_f61.png,walking
fa1_outputs\balanced\normal\Coffee_room_01_video (2)_f183.png,normal
fa1_outputs\balanced\walking\aug515_D_zoom_1.3x_Home_01_video (2)_f30.png,walking
fa1_outputs\balanced\fall\aug238_C_flipped_Coffee_room_01_video (6)_f136.png,fall
fa1_outputs\balanced\normal\aug78_brightness_jitter_Coffee_room_01_video (3)_f266.png,normal
fa1_outputs\balanced\sitting\aug656_D_zoom_1.3x_Office_video (23)_f1031.png,sitting
fa1_outputs\balanced\standing\Office_video (20)_f399.png,standing
fa1_outputs\balanced\standing\Office_video (20)_f425.png,standing
fa1_outputs\balanced\fall\aug384_C_flipped_Home_01_video (26)_f135.png,fall
fa1_outputs\balanced\standing\Lecture_room_video (24)_f576.png,standing
fa1_outputs\balanced\walking\aug233_brightness_jitter_Home_01_video (20)_f135.png,walking
fa1_outputs\balanced\walking\aug419_brightness_jitter_Office_video (18)_f612.png,walking
fa1_outputs\balanced\standing\Coffee_room_02_video (60)_f68.png,standing
fa1_outputs\balanced\standing\Home_02_video (39)_f76.png,standing
fa1_outputs\balanced\standing\Office_video (26)_f187.png,standing
fa1_outputs\balanced\fall\aug512_brightness_jitter_Coffee_room_01_video (11)_f389.png,fall
fa1_outputs\balanced\sitting\aug145_B_rotated_15deg_Office_video (27)_f567.png,sitting
fa1_outputs\balanced\sitting\aug228_D_zoom_1.3x_Coffee_room_02_video (55)_f80.png,sitting
fa1_outputs\balanced\walking\aug156_D_zoom_1.3x_Coffee_room_02_video (60)_f55.png,walking
fa1_outputs\balanced\fall\Home_02_video (31)_f216.png,fall
fa1_outputs\balanced\sitting\aug235_D_zoom_1.3x_Coffee_room_02_video (57)_f112.png,sitting
fa1_outputs\balanced\sitting\aug388_B_rotated_15deg_Coffee_room_01_video (42)_f39.png,sitting
fa1_outputs\balanced\standing\Office_video (26)_f49.png,standing
fa1_outputs\balanced\normal\Home_02_video (60)_f195.png,normal
fa1_outputs\balanced\sitting\aug648_brightness_jitter_Office_video (18)_f383.png,sitting
fa1_outputs\balanced\sitting\aug7_D_zoom_1.3x_Coffee_room_01_video (22)_f57.png,sitting
fa1_outputs\balanced\walking\aug532_B_rotated_15deg_Home_02_video (47)_f252.png,walking
fa1_outputs\balanced\normal\Home_02_video (42)_f134.png,normal
fa1_outputs\balanced\standing\Coffee_room_01_video (29)_f246.png,standing
fa1_outputs\balanced\walking\aug547_C_flipped_Home_02_video (55)_f162.png,walking
fa1_outputs\balanced\standing\Office_video (17)_f86.png,standing
fa1_outputs\balanced\walking\aug560_C_flipped_Office_video (18)_f574.png,walking
fa1_outputs\balanced\sitting\aug788_brightness_jitter_Home_01_video (6)_f48.png,sitting
fa1_outputs\balanced\fall\aug182_B_rotated_15deg_Coffee_room_01_video (38)_f254.png,fall
fa1_outputs\balanced\fall\Coffee_room_02_video (51)_f121.png,fall
fa1_outputs\balanced\normal\Home_02_video (32)_f72.png,normal
fa1_outputs\balanced\standing\Home_01_video (1)_f132.png,standing
fa1_outputs\balanced\normal\aug76_D_zoom_1.3x_Coffee_room_01_video (29)_f0.png,normal
fa1_outputs\balanced\standing\Home_02_video (53)_f108.png,standing
fa1_outputs\balanced\standing\Lecture_room_video (20)_f238.png,standing
fa1_outputs\balanced\walking\aug201_brightness_jitter_Office_video (15)_f0.png,walking
fa1_outputs\balanced\standing\Office_video (6)_f83.png,standing
fa1_outputs\balanced\sitting\Home_02_video (41)_f210.png,sitting
fa1_outputs\balanced\fall\Coffee_room_02_video (57)_f492.png,fall
fa1_outputs\balanced\standing\Home_01_video (12)_f129.png,standing
fa1_outputs\balanced\normal\aug75_C_flipped_Coffee_room_01_video (28)_f35.png,normal
fa1_outputs\balanced\fall\aug135_C_flipped_Coffee_room_01_video (31)_f158.png,fall
fa1_outputs\balanced\normal\Lecture_room_video (18)_f789.png,normal
fa1_outputs\balanced\walking\aug551_D_zoom_1.3x_Home_02_video (60)_f78.png,walking
fa1_outputs\balanced\normal\Coffee_room_01_video (33)_f170.png,normal
fa1_outputs\balanced\standing\Lecture_room_video (12)_f270.png,standing
fa1_outputs\balanced\normal\aug277_D_zoom_1.3x_Home_01_video (28)_f43.png,normal
fa1_outputs\balanced\sitting\Office_video (4)_f192.png,sitting
fa1_outputs\balanced\normal\Home_02_video (49)_f31.png,normal
fa1_outputs\balanced\fall\Office_video (12)_f268.png,fall
fa1_outputs\balanced\fall\Home_01_video (20)_f86.png,fall
fa1_outputs\balanced\normal\Coffee_room_01_video (19)_f133.png,normal
fa1_outputs\balanced\walking\aug788_D_zoom_1.3x_Coffee_room_01_video (38)_f0.png,walking
fa1_outputs\balanced\walking\aug349_D_zoom_1.3x_Office_video (19)_f263.png,walking
fa1_outputs\balanced\fall\aug90_brightness_jitter_Coffee_room_01_video (21)_f93.png,fall
fa1_outputs\balanced\sitting\Coffee_room_01_video (48)_f292.png,sitting
fa1_outputs\balanced\sitting\aug468_brightness_jitter_Office_video (16)_f128.png,sitting
fa1_outputs\balanced\walking\aug734_brightness_jitter_Home_01_video (29)_f101.png,walking
fa1_outputs\balanced\sitting\aug424_B_rotated_15deg_Home_01_video (17)_f96.png,sitting
fa1_outputs\balanced\fall\aug239_B_rotated_15deg_Coffee_room_01_video (6)_f143.png,fall
fa1_outputs\balanced\normal\aug36_D_zoom_1.3x_Coffee_room_01_video (17)_f138.png,normal
fa1_outputs\balanced\normal\Home_02_video (45)_f81.png,normal
fa1_outputs\balanced\normal\aug356_brightness_jitter_Home_02_video (40)_f96.png,normal
fa1_outputs\balanced\sitting\aug781_brightness_jitter_Home_01_video (26)_f43.png,sitting
fa1_outputs\balanced\walking\aug279_C_flipped_Office_video (19)_f41.png,walking
fa1_outputs\balanced\standing\Coffee_room_01_video (11)_f193.png,standing
fa1_outputs\balanced\normal\aug17_brightness_jitter_Coffee_room_01_video (14)_f132.png,normal
fa1_outputs\balanced\sitting\Coffee_room_01_video (34)_f0.png,sitting
fa1_outputs\balanced\normal\aug348_D_zoom_1.3x_Home_02_video (39)_f144.png,normal
fa1_outputs\balanced\normal\aug153_B_rotated_15deg_Coffee_room_02_video (51)_f177.png,normal
fa1_outputs\balanced\normal\Home_01_video (21)_f108.png,normal
fa1_outputs\balanced\walking\aug932_B_rotated_15deg_Coffee_room_01_video (38)_f70.png,walking
fa1_outputs\balanced\standing\Coffee_room_01_video (29)_f82.png,standing
fa1_outputs\balanced\walking\aug150_C_flipped_Coffee_room_01_video (38)_f140.png,walking
fa1_outputs\balanced\normal\Lecture_room_video (10)_f308.png,normal
fa1_outputs\balanced\sitting\aug537_C_flipped_Coffee_room_01_video (25)_f32.png,sitting
fa1_outputs\balanced\walking\aug892_brightness_jitter_Home_02_video (50)_f273.png,walking
fa1_outputs\balanced\walking\aug552_D_zoom_1.3x_Lecture_room_video (12)_f421.png,walking
fa1_outputs\balanced\fall\aug180_B_rotated_15deg_Coffee_room_01_video (38)_f242.png,fall
fa1_outputs\balanced\normal\Home_01_video (16)_f165.png,normal
fa1_outputs\balanced\standing\Office_video (33)_f127.png,standing
fa1_outputs\balanced\sitting\aug333_C_flipped_Office_video (3)_f58.png,sitting
fa1_outputs\balanced\standing\Home_02_video (50)_f218.png,standing
fa1_outputs\balanced\fall\aug411_brightness_jitter_Home_01_video (4)_f156.png,fall
fa1_outputs\balanced\standing\Lecture_room_video (9)_f233.png,standing
fa1_outputs\balanced\normal\Office_video (23)_f458.png,normal
fa1_outputs\balanced\fall\aug0_B_rotated_15deg_Coffee_room_01_video (1)_f125.png,fall
fa1_outputs\balanced\normal\Office_video (22)_f88.png,normal
fa1_outputs\balanced\fall\aug88_C_flipped_Coffee_room_01_video (21)_f89.png,fall
fa1_outputs\balanced\standing\Coffee_room_01_video (25)_f98.png,standing
fa1_outputs\balanced\standing\Coffee_room_01_video (9)_f77.png,standing
fa1_outputs\balanced\standing\Home_02_video (36)_f76.png,standing
fa1_outputs\balanced\normal\aug167_B_rotated_15deg_Coffee_room_02_video (56)_f377.png,normal
fa1_outputs\balanced\sitting\aug370_brightness_jitter_Coffee_room_01_video (31)_f198.png,sitting
fa1_outputs\balanced\normal\Office_video (9)_f123.png,normal
fa1_outputs\balanced\walking\aug671_brightness_jitter_Home_02_video (37)_f0.png,walking
fa1_outputs\balanced\fall\aug355_B_rotated_15deg_Home_01_video (16)_f186.png,fall
fa1_outputs\balanced\fall\Coffee_room_01_video (34)_f350.png,fall
fa1_outputs\balanced\normal\Coffee_room_02_video (68)_f160.png,normal
fa1_outputs\balanced\sitting\aug136_B_rotated_15deg_Office_video (24)_f331.png,sitting
fa1_outputs\balanced\walking\aug98_B_rotated_15deg_Home_01_video (30)_f0.png,walking
fa1_outputs\balanced\fall\Coffee_room_01_video (35)_f86.png,fall
fa1_outputs\balanced\fall\Coffee_room_01_video (21)_f91.png,fall
fa1_outputs\balanced\standing\Office_video (27)_f202.png,standing
fa1_outputs\balanced\sitting\Coffee_room_01_video (32)_f0.png,sitting
fa1_outputs\balanced\standing\Office_video (14)_f64.png,standing
fa1_outputs\balanced\fall\aug321_B_rotated_15deg_Coffee_room_02_video (61)_f525.png,fall
fa1_outputs\balanced\fall\aug91_B_rotated_15deg_Coffee_room_01_video (21)_f97.png,fall
fa1_outputs\balanced\walking\aug831_C_flipped_Home_02_video (55)_f162.png,walking
fa1_outputs\balanced\standing\Lecture_room_video (25)_f150.png,standing
fa1_outputs\balanced\standing\Coffee_room_01_video (11)_f301.png,standing
fa1_outputs\balanced\sitting\aug429_C_flipped_Home_01_video (26)_f43.png,sitting
fa1_outputs\balanced\sitting\aug226_C_flipped_Coffee_room_02_video (55)_f40.png,sitting
fa1_outputs\balanced\fall\aug95_C_flipped_Coffee_room_01_video (23)_f209.png,fall
fa1_outputs\balanced\standing\Coffee_room_01_video (38)_f220.png,standing
fa1_outputs\balanced\fall\Office_video (5)_f190.png,fall
fa1_outputs\balanced\fall\aug318_C_flipped_Coffee_room_02_video (60)_f157.png,fall
fa1_outputs\balanced\fall\Coffee_room_02_video (61)_f525.png,fall
fa1_outputs\balanced\walking\aug404_B_rotated_15deg_Home_02_video (55)_f0.png,walking
fa1_outputs\balanced\walking\aug479_brightness_jitter_Home_02_video (60)_f62.png,walking
fa1_outputs\balanced\walking\aug80_D_zoom_1.3x_Coffee_room_01_video (38)_f70.png,walking
fa1_outputs\balanced\walking\aug350_B_rotated_15deg_Office_video (19)_f41.png,walking
fa1_outputs\balanced\walking\aug133_B_rotated_15deg_Office_video (18)_f478.png,walking
fa1_outputs\balanced\walking\aug476_brightness_jitter_Home_02_video (55)_f162.png,walking
fa1_outputs\balanced\sitting\Lecture_room_video (19)_f327.png,sitting
fa1_outputs\balanced\fall\aug317_C_flipped_Coffee_room_02_video (60)_f150.png,fall
fa1_outputs\balanced\sitting\aug748_D_zoom_1.3x_Coffee_room_02_video (52)_f21.png,sitting
fa1_outputs\balanced\walking\aug231_brightness_jitter_Home_01_video (2)_f30.png,walking
fa1_outputs\balanced\walking\aug188_brightness_jitter_Home_02_video (53)_f27.png,walking
fa1_outputs\balanced\walking\aug507_brightness_jitter_Coffee_room_01_video (38)_f88.png,walking
fa1_outputs\balanced\fall\aug493_B_rotated_15deg_Coffee_room_01_video (1)_f125.png,fall
fa1_outputs\balanced\normal\aug253_C_flipped_Home_01_video (23)_f90.png,normal
fa1_outputs\balanced\sitting\aug182_D_zoom_1.3x_Coffee_room_01_video (22)_f45.png,sitting
fa1_outputs\balanced\normal\aug2_brightness_jitter_Coffee_room_01_video (1)_f31.png,normal
fa1_outputs\balanced\fall\aug21_brightness_jitter_Coffee_room_01_video (11)_f404.png,fall
fa1_outputs\balanced\sitting\Coffee_room_01_video (42)_f0.png,sitting
fa1_outputs\balanced\standing\Lecture_room_video (25)_f47.png,standing
fa1_outputs\balanced\fall\Home_02_video (37)_f129.png,fall
fa1_outputs\balanced\normal\Home_02_video (33)_f0.png,normal
fa1_outputs\balanced\sitting\aug34_C_flipped_Coffee_room_01_video (42)_f19.png,sitting
fa1_outputs\balanced\normal\Coffee_room_01_video (22)_f143.png,normal
fa1_outputs\balanced\standing\Office_video (31)_f126.png,standing
fa1_outputs\balanced\normal\Office_video (22)_f198.png,normal
fa1_outputs\balanced\fall\aug329_brightness_jitter_Coffee_room_02_video (62)_f225.png,fall
fa1_outputs\balanced\sitting\aug772_brightness_jitter_Home_01_video (16)_f0.png,sitting
fa1_outputs\balanced\normal\Coffee_room_01_video (44)_f53.png,normal
fa1_outputs\balanced\fall\Coffee_room_01_video (25)_f168.png,fall
fa1_outputs\balanced\normal\aug117_brightness_jitter_Coffee_room_01_video (44)_f116.png,normal
fa1_outputs\balanced\normal\Coffee_room_01_video (15)_f28.png,normal
fa1_outputs\balanced\sitting\aug101_B_rotated_15deg_Home_02_video (48)_f24.png,sitting
fa1_outputs\balanced\fall\Coffee_room_01_video (28)_f87.png,fall
fa1_outputs\balanced\fall\aug497_brightness_jitter_Coffee_room_01_video (1)_f62.png,fall
fa1_outputs\balanced\normal\Home_01_video (19)_f0.png,normal
fa1_outputs\balanced\sitting\aug633_B_rotated_15deg_Home_02_video (59)_f43.png,sitting
fa1_outputs\balanced\sitting\Coffee_room_01_video (27)_f50.png,sitting
fa1_outputs\balanced\sitting\Office_video (30)_f779.png,sitting
fa1_outputs\balanced\walking\aug100_brightness_jitter_Home_01_video (4)_f30.png,walking
fa1_outputs\balanced\fall\aug320_brightness_jitter_Coffee_room_02_video (61)_f1182.png,fall
fa1_outputs\balanced\normal\Coffee_room_02_video (68)_f482.png,normal
fa1_outputs\balanced\sitting\aug374_brightness_jitter_Coffee_room_01_video (32)_f0.png,sitting
fa1_outputs\balanced\normal\Home_02_video (57)_f0.png,normal
fa1_outputs\balanced\standing\Office_video (5)_f95.png,standing
fa1_outputs\balanced\sitting\aug719_brightness_jitter_Coffee_room_01_video (28)_f21.png,sitting
fa1_outputs\balanced\sitting\aug455_C_flipped_Home_02_video (52)_f27.png,sitting
fa1_outputs\balanced\standing\Coffee_room_02_video (65)_f213.png,standing
fa1_outputs\balanced\walking\aug394_D_zoom_1.3x_Home_02_video (49)_f78.png,walking
fa1_outputs\balanced\normal\Office_video (31)_f152.png,normal
fa1_outputs\balanced\sitting\aug193_C_flipped_Coffee_room_01_video (31)_f0.png,sitting
fa1_outputs\balanced\walking\aug471_B_rotated_15deg_Home_02_video (53)_f21.png,walking
fa1_outputs\balanced\walking\aug935_D_zoom_1.3x_Coffee_room_02_video (58)_f38.png,walking
fa1_outputs\balanced\standing\Office_video (6)_f103.png,standing
fa1_outputs\balanced\normal\aug179_B_rotated_15deg_Coffee_room_02_video (61)_f394.png,normal
fa1_outputs\balanced\sitting\aug181_B_rotated_15deg_Coffee_room_01_video (22)_f28.png,sitting
fa1_outputs\balanced\fall\aug498_C_flipped_Coffee_room_01_video (1)_f64.png,fall
fa1_outputs\balanced\fall\Home_01_video (9)_f156.png,fall
fa1_outputs\balanced\sitting\aug281_brightness_jitter_Home_02_video (59)_f43.png,sitting
fa1_outputs\balanced\sitting\aug540_D_zoom_1.3x_Coffee_room_01_video (27)_f50.png,sitting
fa1_outputs\balanced\sitting\aug0_B_rotated_15deg_Coffee_room_01_video (2)_f191.png,sitting
fa1_outputs\balanced\normal\Office_video (4)_f0.png,normal
fa1_outputs\balanced\walking\aug40_brightness_jitter_Home_02_video (50)_f273.png,walking
fa1_outputs\balanced\fall\aug4_C_flipped_Coffee_room_01_video (1)_f62.png,fall
fa1_outputs\balanced\sitting\aug494_C_flipped_Office_video (27)_f405.png,sitting
fa1_outputs\balanced\walking\aug956_brightness_jitter_Home_02_video (45)_f21.png,walking
fa1_outputs\balanced\walking\aug151_D_zoom_1.3x_Coffee_room_01_video (38)_f70.png,walking
fa1_outputs\balanced\standing\Coffee_room_01_video (46)_f58.png,standing
fa1_outputs\balanced\walking\aug281_brightness_jitter_Office_video (28)_f454.png,walking
fa1_outputs\balanced\walking\aug463_C_flipped_Home_02_video (49)_f273.png,walking
fa1_outputs\balanced\sitting\aug504_C_flipped_Office_video (3)_f186.png,sitting
fa1_outputs\balanced\walking\aug886_C_flipped_Home_02_video (46)_f26.png,walking
fa1_outputs\balanced\walking\aug569_B_rotated_15deg_Coffee_room_01_video (12)_f22.png,walking
fa1_outputs\balanced\normal\Home_02_video (54)_f135.png,normal
fa1_outputs\balanced\sitting\Office_video (30)_f623.png,sitting
fa1_outputs\balanced\fall\aug416_brightness_jitter_Home_01_video (7)_f139.png,fall
fa1_outputs\balanced\fall\Office_video (14)_f103.png,fall
fa1_outputs\balanced\standing\Coffee_room_01_video (29)_f205.png,standing
fa1_outputs\balanced\walking\aug413_brightness_jitter_Lecture_room_video (7)_f235.png,walking
fa1_outputs\balanced\fall\Home_01_video (13)_f167.png,fall
fa1_outputs\balanced\standing\Home_02_video (46)_f158.png,standing
fa1_outputs\balanced\sitting\aug38_brightness_jitter_Coffee_room_01_video (47)_f0.png,sitting
fa1_outputs\balanced\sitting\aug630_C_flipped_Home_02_video (52)_f0.png,sitting
fa1_outputs\balanced\normal\Coffee_room_01_video (6)_f179.png,normal
fa1_outputs\balanced\sitting\aug37_brightness_jitter_Coffee_room_01_video (43)_f0.png,sitting
fa1_outputs\balanced\fall\aug366_B_rotated_15deg_Home_01_video (20)_f147.png,fall
fa1_outputs\balanced\sitting\aug866_brightness_jitter_Office_video (30)_f748.png,sitting
fa1_outputs\balanced\walking\aug952_C_flipped_Home_01_video (4)_f30.png,walking
fa1_outputs\balanced\fall\Coffee_room_01_video (38)_f254.png,fall
fa1_outputs\balanced\walking\aug382_brightness_jitter_Home_01_video (30)_f0.png,walking
fa1_outputs\balanced\fall\aug526_brightness_jitter_Coffee_room_01_video (14)_f76.png,fall
fa1_outputs\balanced\normal\aug18_brightness_jitter_Coffee_room_01_video (14)_f140.png,normal
fa1_outputs\balanced\fall\aug287_brightness_jitter_Coffee_room_02_video (55)_f230.png,fall
fa1_outputs\balanced\normal\aug14_brightness_jitter_Coffee_room_01_video (14)_f0.png,normal
fa1_outputs\balanced\fall\aug326_D_zoom_1.3x_Coffee_room_02_video (62)_f184.png,fall
fa1_outputs\balanced\fall\Coffee_room_01_video (30)_f90.png,fall
fa1_outputs\balanced\sitting\aug33_B_rotated_15deg_Coffee_room_01_video (42)_f0.png,sitting
fa1_outputs\balanced\sitting\Home_02_video (45)_f189.png,sitting
fa1_outputs\balanced\fall\aug306_B_rotated_15deg_Coffee_room_02_video (58)_f248.png,fall
fa1_outputs\balanced\fall\aug262_B_rotated_15deg_Coffee_room_02_video (51)_f101.png,fall
fa1_outputs\balanced\fall\aug380_C_flipped_Home_01_video (25)_f173.png,fall
fa1_outputs\balanced\fall\Home_01_video (16)_f158.png,fall
fa1_outputs\balanced\normal\aug293_C_flipped_Home_01_video (4)_f96.png,normal
fa1_outputs\balanced\walking\aug864_D_zoom_1.3x_Coffee_room_02_video (58)_f38.png,walking
fa1_outputs\balanced\sitting\aug475_brightness_jitter_Office_video (20)_f159.png,sitting
fa1_outputs\balanced\normal\Home_02_video (32)_f0.png,normal
fa1_outputs\balanced\walking\aug736_B_rotated_15deg_Home_01_video (3)_f30.png,walking
fa1_outputs\balanced\sitting\aug530_brightness_jitter_Coffee_room_01_video (21)_f22.png,sitting
fa1_outputs\balanced\sitting\Office_video (19)_f123.png,sitting
fa1_outputs\balanced\sitting\aug216_C_flipped_Coffee_room_01_video (48)_f292.png,sitting
fa1_outputs\balanced\normal\Office_video (21)_f160.png,normal
fa1_outputs\balanced\sitting\aug506_brightness_jitter_Office_video (3)_f280.png,sitting
fa1_outputs\balanced\walking\aug375_D_zoom_1.3x_Home_01_video (20)_f135.png,walking
fa1_outputs\balanced\walking\aug459_D_zoom_1.3x_Home_02_video (45)_f21.png,walking
fa1_outputs\balanced\walking\aug595_C_flipped_Home_01_video (30)_f0.png,walking
fa1_outputs\balanced\standing\Lecture_room_video (9)_f187.png,standing
fa1_outputs\balanced\standing\Home_02_video (44)_f196.png,standing
fa1_outputs\balanced\normal\Office_video (30)_f1122.png,normal
fa1_outputs\balanced\sitting\aug23_D_zoom_1.3x_Coffee_room_01_video (32)_f38.png,sitting
fa1_outputs\balanced\sitting\aug727_C_flipped_Coffee_room_01_video (32)_f38.png,sitting
fa1_outputs\balanced\sitting\aug398_D_zoom_1.3x_Coffee_room_02_video (55)_f0.png,sitting
fa1_outputs\balanced\fall\aug93_B_rotated_15deg_Coffee_room_01_video (22)_f128.png,fall
fa1_outputs\balanced\normal\aug16_brightness_jitter_Coffee_room_01_video (14)_f110.png,normal
fa1_outputs\balanced\normal\Office_video (31)_f162.png,normal
fa1_outputs\balanced\standing\Home_01_video (10)_f117.png,standing
fa1_outputs\balanced\sitting\aug579_C_flipped_Coffee_room_02_video (55)_f64.png,sitting
fa1_outputs\balanced\standing\Office_video (26)_f62.png,standing
fa1_outputs\balanced\fall\Coffee_room_02_video (53)_f287.png,fall
fa1_outputs\balanced\walking\aug822_D_zoom_1.3x_Home_02_video (50)_f62.png,walking
fa1_outputs\balanced\standing\Coffee_room_01_video (5)_f72.png,standing
fa1_outputs\balanced\sitting\aug790_D_zoom_1.3x_Home_02_video (31)_f195.png,sitting
fa1_outputs\balanced\standing\Coffee_room_02_video (49)_f246.png,standing
fa1_outputs\balanced\standing\Coffee_room_02_video (49)_f196.png,standing
fa1_outputs\balanced\sitting\Coffee_room_01_video (22)_f0.png,sitting
fa1_outputs\balanced\standing\Home_02_video (48)_f192.png,standing
fa1_outputs\balanced\walking\aug645_B_rotated_15deg_Coffee_room_01_video (30)_f54.png,walking
fa1_outputs\balanced\normal\Lecture_room_video (10)_f295.png,normal
fa1_outputs\balanced\fall\Home_01_video (23)_f96.png,fall
fa1_outputs\balanced\normal\Coffee_room_02_video (59)_f188.png,normal
fa1_outputs\balanced\standing\Coffee_room_01_video (19)_f26.png,standing
fa1_outputs\balanced\walking\aug34_C_flipped_Home_02_video (46)_f26.png,walking
fa1_outputs\balanced\sitting\aug211_C_flipped_Coffee_room_01_video (42)_f31.png,sitting
fa1_outputs\balanced\fall\Coffee_room_02_video (56)_f328.png,fall
fa1_outputs\balanced\fall\aug29_brightness_jitter_Coffee_room_01_video (14)_f58.png,fall
fa1_outputs\balanced\normal\aug275_D_zoom_1.3x_Home_01_video (28)_f0.png,normal
fa1_outputs\balanced\walking\aug928_C_flipped_Coffee_room_01_video (24)_f66.png,walking
fa1_outputs\balanced\sitting\Office_video (32)_f272.png,sitting
fa1_outputs\balanced\normal\Coffee_room_01_video (24)_f0.png,normal
fa1_outputs\balanced\walking\aug846_B_rotated_15deg_Office_video (19)_f263.png,walking
fa1_outputs\balanced\walking\aug391_D_zoom_1.3x_Home_02_video (48)_f0.png,walking
fa1_outputs\balanced\standing\Home_02_video (55)_f54.png,standing
fa1_outputs\balanced\standing\Home_01_video (28)_f129.png,standing
fa1_outputs\balanced\fall\Coffee_room_02_video (58)_f186.png,fall
fa1_outputs\balanced\walking\aug531_brightness_jitter_Home_02_video (46)_f26.png,walking
fa1_outputs\balanced\walking\aug791_D_zoom_1.3x_Coffee_room_01_video (38)_f88.png,walking
fa1_outputs\balanced\sitting\aug769_D_zoom_1.3x_Coffee_room_02_video (62)_f141.png,sitting
fa1_outputs\balanced\sitting\aug542_brightness_jitter_Coffee_room_01_video (28)_f0.png,sitting
fa1_outputs\balanced\sitting\Coffee_room_01_video (25)_f0.png,sitting
fa1_outputs\balanced\normal\Home_02_video (37)_f150.png,normal
fa1_outputs\balanced\sitting\aug339_brightness_jitter_Office_video (30)_f779.png,sitting
fa1_outputs\balanced\standing\Home_02_video (43)_f67.png,standing
fa1_outputs\balanced\fall\aug440_D_zoom_1.3x_Home_02_video (37)_f144.png,fall
fa1_outputs\balanced\sitting\Office_video (30)_f748.png,sitting
fa1_outputs\balanced\fall\aug426_brightness_jitter_Home_02_video (31)_f200.png,fall
fa1_outputs\balanced\walking\aug109_brightness_jitter_Home_02_video (49)_f62.png,walking
fa1_outputs\balanced\fall\Home_01_video (20)_f155.png,fall
fa1_outputs\balanced\sitting\aug541_brightness_jitter_Coffee_room_01_video (27)_f63.png,sitting
fa1_outputs\balanced\fall\Coffee_room_01_video (9)_f93.png,fall
fa1_outputs\balanced\fall\Coffee_room_02_video (55)_f217.png,fall
fa1_outputs\balanced\walking\aug305_B_rotated_15deg_Home_01_video (21)_f129.png,walking
fa1_outputs\balanced\standing\Office_video (21)_f107.png,standing
fa1_outputs\balanced\sitting\aug568_B_rotated_15deg_Coffee_room_01_video (48)_f292.png,sitting
fa1_outputs\balanced\fall\aug225_D_zoom_1.3x_Coffee_room_01_video (46)_f170.png,fall
fa1_outputs\balanced\sitting\aug425_B_rotated_15deg_Home_01_video (22)_f48.png,sitting
fa1_outputs\balanced\standing\Lecture_room_video (20)_f208.png,standing
fa1_outputs\balanced\fall\Coffee_room_01_video (27)_f163.png,fall
fa1_outputs\balanced\fall\aug218_brightness_jitter_Coffee_room_01_video (45)_f100.png,fall
fa1_outputs\balanced\normal\aug130_D_zoom_1.3x_Coffee_room_01_video (6)_f179.png,normal
fa1_outputs\balanced\normal\Coffee_room_01_video (45)_f134.png,normal
fa1_outputs\balanced\normal\aug7_brightness_jitter_Coffee_room_01_video (11)_f0.png,normal
fa1_outputs\balanced\sitting\aug94_brightness_jitter_Home_02_video (45)_f151.png,sitting
fa1_outputs\balanced\normal\Home_01_video (23)_f0.png,normal
fa1_outputs\balanced\walking\aug328_D_zoom_1.3x_Home_02_video (52)_f64.png,walking
fa1_outputs\balanced\normal\Office_video (6)_f51.png,normal
fa1_outputs\balanced\fall\aug547_B_rotated_15deg_Coffee_room_01_video (17)_f39.png,fall
fa1_outputs\balanced\standing\Home_02_video (42)_f0.png,standing
fa1_outputs\balanced\standing\Coffee_room_01_video (36)_f1052.png,standing
fa1_outputs\balanced\walking\aug477_B_rotated_15deg_Home_02_video (55)_f27.png,walking
fa1_outputs\balanced\normal\aug158_B_rotated_15deg_Coffee_room_02_video (52)_f188.png,normal
fa1_outputs\balanced\fall\Home_01_video (30)_f38.png,fall
fa1_outputs\balanced\walking\aug682_D_zoom_1.3x_Home_02_video (52)_f21.png,walking
fa1_outputs\balanced\sitting\aug131_D_zoom_1.3x_Office_video (23)_f716.png,sitting
fa1_outputs\balanced\fall\aug540_brightness_jitter_Coffee_room_01_video (16)_f65.png,fall
fa1_outputs\balanced\fall\Home_01_video (26)_f132.png,fall
fa1_outputs\balanced\walking\aug605_brightness_jitter_Home_02_video (49)_f273.png,walking
fa1_outputs\balanced\normal\aug268_B_rotated_15deg_Home_01_video (26)_f162.png,normal
fa1_outputs\balanced\fall\aug26_D_zoom_1.3x_Coffee_room_01_video (13)_f96.png,fall
fa1_outputs\balanced\standing\Coffee_room_01_video (32)_f183.png,standing
fa1_outputs\balanced\sitting\aug746_C_flipped_Coffee_room_01_video (9)_f25.png,sitting
fa1_outputs\balanced\normal\Office_video (9)_f164.png,normal
fa1_outputs\balanced\standing\Home_02_video (41)_f150.png,standing
fa1_outputs\balanced\walking\aug290_B_rotated_15deg_Coffee_room_01_video (30)_f54.png,walking
fa1_outputs\balanced\fall\aug214_D_zoom_1.3x_Coffee_room_01_video (44)_f66.png,fall
fa1_outputs\balanced\fall\aug65_C_flipped_Coffee_room_01_video (18)_f215.png,fall
fa1_outputs\balanced\sitting\aug39_D_zoom_1.3x_Coffee_room_01_video (48)_f0.png,sitting
fa1_outputs\balanced\fall\aug392_D_zoom_1.3x_Home_01_video (28)_f171.png,fall
fa1_outputs\balanced\sitting\aug372_brightness_jitter_Coffee_room_01_video (31)_f231.png,sitting
fa1_outputs\balanced\walking\aug45_D_zoom_1.3x_Home_02_video (53)_f21.png,walking
fa1_outputs\balanced\fall\aug48_B_rotated_15deg_Coffee_room_01_video (16)_f70.png,fall
fa1_outputs\balanced\walking\aug570_C_flipped_Coffee_room_01_video (12)_f45.png,walking
fa1_outputs\balanced\standing\Lecture_room_video (26)_f285.png,standing
fa1_outputs\balanced\standing\Coffee_room_01_video (2)_f114.png,standing
fa1_outputs\balanced\walking\aug312_brightness_jitter_Home_01_video (30)_f72.png,walking
fa1_outputs\balanced\standing\Office_video (27)_f101.png,standing
fa1_outputs\balanced\fall\Home_01_video (4)_f48.png,fall
fa1_outputs\balanced\normal\Coffee_room_01_video (1)_f31.png,normal
fa1_outputs\balanced\fall\aug550_D_zoom_1.3x_Coffee_room_01_video (17)_f63.png,fall
fa1_outputs\balanced\normal\Office_video (1)_f373.png,normal
fa1_outputs\balanced\standing\Office_video (3)_f326.png,standing
fa1_outputs\balanced\walking\aug662_C_flipped_Home_01_video (26)_f129.png,walking
fa1_outputs\balanced\walking\aug452_B_rotated_15deg_Home_01_video (3)_f30.png,walking
fa1_outputs\balanced\fall\Coffee_room_01_video (40)_f262.png,fall
fa1_outputs\balanced\walking\aug854_brightness_jitter_Coffee_room_01_video (12)_f45.png,walking
fa1_outputs\balanced\sitting\aug632_D_zoom_1.3x_Home_02_video (53)_f135.png,sitting
fa1_outputs\balanced\fall\Coffee_room_01_video (47)_f637.png,fall
fa1_outputs\balanced\standing\Home_01_video (8)_f228.png,standing
fa1_outputs\balanced\fall\aug59_C_flipped_Coffee_room_01_video (18)_f154.png,fall
fa1_outputs\balanced\walking\aug666_C_flipped_Home_01_video (30)_f0.png,walking
fa1_outputs\balanced\fall\Coffee_room_02_video (59)_f156.png,fall
fa1_outputs\balanced\fall\aug459_C_flipped_Office_video (10)_f215.png,fall
fa1_outputs\balanced\normal\Home_02_video (50)_f31.png,normal
fa1_outputs\balanced\sitting\aug670_B_rotated_15deg_Office_video (27)_f405.png,sitting
fa1_outputs\balanced\fall\Home_01_video (19)_f0.png,fall
fa1_outputs\balanced\standing\Coffee_room_02_video (70)_f587.png,standing
fa1_outputs\balanced\sitting\aug212_D_zoom_1.3x_Coffee_room_01_video (42)_f39.png,sitting
fa1_outputs\balanced\standing\Coffee_room_02_video (61)_f821.png,standing
fa1_outputs\balanced\standing\Lecture_room_video (4)_f160.png,standing
fa1_outputs\balanced\fall\aug133_B_rotated_15deg_Coffee_room_01_video (30)_f90.png,fall
fa1_outputs\balanced\walking\aug757_B_rotated_15deg_Home_02_video (54)_f43.png,walking
fa1_outputs\balanced\fall\aug34_B_rotated_15deg_Coffee_room_01_video (15)_f48.png,fall
fa1_outputs\balanced\sitting\aug646_D_zoom_1.3x_Office_video (16)_f171.png,sitting
fa1_outputs\balanced\sitting\aug871_brightness_jitter_Office_video (32)_f272.png,sitting
fa1_outputs\balanced\walking\aug735_C_flipped_Home_01_video (29)_f108.png,walking
fa1_outputs\balanced\standing\Coffee_room_02_video (57)_f337.png,standing
fa1_outputs\balanced\fall\aug500_D_zoom_1.3x_Coffee_room_01_video (1)_f78.png,fall
fa1_outputs\balanced\fall\aug200_B_rotated_15deg_Coffee_room_01_video (40)_f292.png,fall
fa1_outputs\balanced\walking\aug840_C_flipped_Office_video (15)_f0.png,walking
fa1_outputs\balanced\fall\aug516_C_flipped_Coffee_room_01_video (12)_f58.png,fall
fa1_outputs\balanced\fall\aug138_D_zoom_1.3x_Coffee_room_01_video (31)_f165.png,fall
fa1_outputs\balanced\fall\aug247_D_zoom_1.3x_Coffee_room_01_video (7)_f139.png,fall
fa1_outputs\balanced\fall\aug473_B_rotated_15deg_Office_video (16)_f342.png,fall
fa1_outputs\balanced\normal\Home_02_video (56)_f315.png,normal
fa1_outputs\balanced\normal\aug122_C_flipped_Coffee_room_01_video (45)_f134.png,normal
fa1_outputs\balanced\sitting\Office_video (3)_f140.png,sitting
fa1_outputs\balanced\fall\Coffee_room_01_video (5)_f145.png,fall
fa1_outputs\balanced\walking\aug858_B_rotated_15deg_Coffee_room_01_video (30)_f54.png,walking
fa1_outputs\balanced\walking\aug537_B_rotated_15deg_Home_02_video (50)_f273.png,walking
fa1_outputs\balanced\fall\aug82_C_flipped_Coffee_room_01_video (20)_f341.png,fall
fa1_outputs\balanced\fall\aug45_D_zoom_1.3x_Coffee_room_01_video (16)_f55.png,fall
fa1_outputs\balanced\normal\Home_02_video (42)_f147.png,normal
fa1_outputs\balanced\walking\aug255_brightness_jitter_Home_02_video (50)_f78.png,walking
fa1_outputs\balanced\walking\Home_02_video (54)_f43.png,walking
fa1_outputs\balanced\standing\Lecture_room_video (17)_f442.png,standing
fa1_outputs\balanced\walking\aug430_C_flipped_Coffee_room_01_video (24)_f33.png,walking
fa1_outputs\balanced\walking\aug580_D_zoom_1.3x_Coffee_room_02_video (58)_f38.png,walking
fa1_outputs\balanced\fall\aug151_D_zoom_1.3x_Coffee_room_01_video (33)_f113.png,fall
fa1_outputs\balanced\walking\aug954_D_zoom_1.3x_Home_01_video (9)_f252.png,walking
fa1_outputs\balanced\sitting\aug290_D_zoom_1.3x_Office_video (16)_f0.png,sitting
fa1_outputs\balanced\standing\Coffee_room_01_video (30)_f58.png,standing
fa1_outputs\balanced\sitting\aug554_B_rotated_15deg_Coffee_room_01_video (34)_f155.png,sitting
fa1_outputs\balanced\normal\aug143_C_flipped_Coffee_room_02_video (49)_f123.png,normal
fa1_outputs\balanced\fall\aug401_D_zoom_1.3x_Home_01_video (3)_f129.png,fall
fa1_outputs\balanced\walking\aug58_D_zoom_1.3x_Lecture_room_video (7)_f235.png,walking
fa1_outputs\balanced\walking\aug93_C_flipped_Home_01_video (21)_f135.png,walking
fa1_outputs\balanced\walking\aug499_C_flipped_Coffee_room_01_video (12)_f45.png,walking
fa1_outputs\balanced\walking\aug296_brightness_jitter_Coffee_room_02_video (58)_f38.png,walking
fa1_outputs\balanced\normal\aug220_B_rotated_15deg_Home_01_video (19)_f0.png,normal
fa1_outputs\balanced\fall\aug541_C_flipped_Coffee_room_01_video (16)_f70.png,fall
fa1_outputs\balanced\normal\Office_video (12)_f178.png,normal
fa1_outputs\balanced\fall\Office_video (14)_f155.png,fall
fa1_outputs\balanced\fall\Coffee_room_01_video (2)_f244.png,fall
fa1_outputs\balanced\fall\aug528_C_flipped_Coffee_room_01_video (15)_f52.png,fall
fa1_outputs\balanced\sitting\aug726_D_zoom_1.3x_Coffee_room_01_video (32)_f0.png,sitting
fa1_outputs\balanced\fall\Coffee_room_01_video (12)_f53.png,fall
fa1_outputs\balanced\standing\Coffee_room_01_video (20)_f0.png,standing
fa1_outputs\balanced\walking\aug776_D_zoom_1.3x_Office_video (19)_f41.png,walking
fa1_outputs\balanced\walking\aug770_C_flipped_Office_video (15)_f39.png,walking
fa1_outputs\balanced\normal\aug324_C_flipped_Home_02_video (33)_f120.png,normal
fa1_outputs\balanced\fall\Coffee_room_02_video (58)_f177.png,fall
fa1_outputs\balanced\sitting\aug708_D_zoom_1.3x_Coffee_room_01_video (22)_f0.png,sitting
fa1_outputs\balanced\sitting\aug141_brightness_jitter_Office_video (25)_f592.png,sitting
fa1_outputs\balanced\sitting\aug120_D_zoom_1.3x_Office_video (18)_f383.png,sitting
fa1_outputs\balanced\normal\aug29_D_zoom_1.3x_Coffee_room_01_video (15)_f87.png,normal
fa1_outputs\balanced\sitting\aug367_C_flipped_Coffee_room_01_video (28)_f21.png,sitting
fa1_outputs\balanced\walking\aug950_brightness_jitter_Home_01_video (30)_f0.png,walking
fa1_outputs\balanced\normal\aug343_D_zoom_1.3x_Home_02_video (38)_f153.png,normal
fa1_outputs\balanced\fall\aug104_D_zoom_1.3x_Coffee_room_01_video (25)_f168.png,fall
fa1_outputs\balanced\standing\Coffee_room_01_video (43)_f430.png,standing
fa1_outputs\balanced\standing\Office_video (32)_f489.png,standing
fa1_outputs\balanced\sitting\aug258_C_flipped_Home_01_video (29)_f54.png,sitting
fa1_outputs\balanced\sitting\aug54_B_rotated_15deg_Coffee_room_02_video (56)_f161.png,sitting
fa1_outputs\balanced\standing\Home_02_video (47)_f86.png,standing
fa1_outputs\balanced\sitting\aug828_C_flipped_Office_video (20)_f199.png,sitting
fa1_outputs\balanced\walking\aug582_B_rotated_15deg_Coffee_room_02_video (60)_f55.png,walking
fa1_outputs\balanced\normal\Coffee_room_02_video (58)_f0.png,normal
fa1_outputs\balanced\normal\aug341_B_rotated_15deg_Home_02_video (38)_f120.png,normal
fa1_outputs\balanced\normal\aug355_B_rotated_15deg_Home_02_video (40)_f0.png,normal
fa1_outputs\balanced\fall\aug523_C_flipped_Coffee_room_01_video (14)_f64.png,fall
fa1_outputs\balanced\sitting\aug358_B_rotated_15deg_Coffee_room_01_video (22)_f45.png,sitting
fa1_outputs\balanced\normal\Office_video (12)_f223.png,normal
fa1_outputs\balanced\normal\Coffee_room_01_video (19)_f159.png,normal
fa1_outputs\balanced\standing\Home_02_video (57)_f96.png,standing
fa1_outputs\balanced\walking\aug965_B_rotated_15deg_Home_02_video (50)_f78.png,walking
fa1_outputs\balanced\standing\Coffee_room_02_video (49)_f184.png,standing
fa1_outputs\balanced\sitting\aug771_B_rotated_15deg_Coffee_room_02_video (70)_f0.png,sitting
fa1_outputs\balanced\sitting\aug153_B_rotated_15deg_Office_video (3)_f233.png,sitting
fa1_outputs\balanced\standing\Coffee_room_02_video (53)_f191.png,standing
fa1_outputs\balanced\walking\aug495_brightness_jitter_Office_video (33)_f159.png,walking
fa1_outputs\balanced\walking\aug865_D_zoom_1.3x_Coffee_room_02_video (60)_f0.png,walking
fa1_outputs\balanced\standing\Home_02_video (36)_f115.png,standing
fa1_outputs\balanced\sitting\aug804_brightness_jitter_Home_02_video (46)_f52.png,sitting
fa1_outputs\balanced\walking\aug696_brightness_jitter_Lecture_room_video (27)_f161.png,walking
fa1_outputs\balanced\normal\aug349_brightness_jitter_Home_02_video (39)_f153.png,normal
fa1_outputs\balanced\walking\aug766_brightness_jitter_Lecture_room_video (2)_f379.png,walking
fa1_outputs\balanced\sitting\aug655_B_rotated_15deg_Office_video (22)_f82.png,sitting
fa1_outputs\balanced\walking\aug705_B_rotated_15deg_Office_video (19)_f41.png,walking
fa1_outputs\balanced\sitting\aug366_B_rotated_15deg_Coffee_room_01_video (28)_f0.png,sitting
fa1_outputs\balanced\walking\aug837_D_zoom_1.3x_Lecture_room_video (2)_f379.png,walking
fa1_outputs\balanced\walking\aug544_D_zoom_1.3x_Home_02_video (54)_f43.png,walking
fa1_outputs\balanced\walking\aug737_D_zoom_1.3x_Home_01_video (30)_f0.png,walking
fa1_outputs\balanced\sitting\aug669_D_zoom_1.3x_Office_video (25)_f592.png,sitting
fa1_outputs\balanced\sitting\aug66_B_rotated_15deg_Coffee_room_02_video (68)_f1285.png,sitting
fa1_outputs\balanced\standing\Home_02_video (44)_f0.png,standing
fa1_outputs\balanced\fall\aug269_B_rotated_15deg_Coffee_room_02_video (51)_f86.png,fall
fa1_outputs\balanced\normal\Home_01_video (25)_f42.png,normal
fa1_outputs\balanced\sitting\aug8_D_zoom_1.3x_Coffee_room_01_video (25)_f0.png,sitting
fa1_outputs\balanced\sitting\aug311_brightness_jitter_Office_video (24)_f310.png,sitting
fa1_outputs\balanced\normal\Coffee_room_01_video (11)_f422.png,normal
fa1_outputs\balanced\fall\aug490_C_flipped_Office_video (8)_f335.png,fall
fa1_outputs\balanced\standing\Coffee_room_01_video (8)_f0.png,standing
fa1_outputs\balanced\sitting\aug206_C_flipped_Coffee_room_01_video (34)_f51.png,sitting
fa1_outputs\balanced\sitting\aug613_B_rotated_15deg_Home_01_video (7)_f0.png,sitting
fa1_outputs\balanced\fall\aug513_B_rotated_15deg_Coffee_room_01_video (11)_f396.png,fall
fa1_outputs\balanced\standing\Coffee_room_02_video (54)_f31.png,standing
fa1_outputs\balanced\fall\Home_01_video (26)_f130.png,fall
fa1_outputs\balanced\walking\aug548_brightness_jitter_Home_02_video (55)_f27.png,walking
fa1_outputs\balanced\standing\Home_02_video (54)_f108.png,standing
fa1_outputs\balanced\standing\Office_video (15)_f190.png,standing
fa1_outputs\balanced\sitting\aug580_C_flipped_Coffee_room_02_video (55)_f80.png,sitting
fa1_outputs\balanced\normal\aug231_B_rotated_15deg_Home_01_video (20)_f108.png,normal
fa1_outputs\balanced\standing\Coffee_room_02_video (63)_f447.png,standing
fa1_outputs\balanced\sitting\aug588_brightness_jitter_Coffee_room_02_video (57)_f140.png,sitting
fa1_outputs\balanced\standing\Home_01_video (15)_f119.png,standing
fa1_outputs\balanced\fall\aug142_D_zoom_1.3x_Coffee_room_01_video (32)_f206.png,fall
fa1_outputs\balanced\fall\aug51_brightness_jitter_Coffee_room_01_video (17)_f29.png,fall
fa1_outputs\balanced\walking\aug875_D_zoom_1.3x_Home_01_video (26)_f129.png,walking
fa1_outputs\balanced\sitting\aug315_brightness_jitter_Office_video (25)_f247.png,sitting
fa1_outputs\balanced\sitting\Home_01_video (27)_f30.png,sitting
fa1_outputs\balanced\sitting\aug482_D_zoom_1.3x_Office_video (23)_f687.png,sitting
fa1_outputs\balanced\standing\Coffee_room_02_video (67)_f303.png,standing
fa1_outputs\balanced\walking\aug204_C_flipped_Office_video (18)_f478.png,walking
fa1_outputs\balanced\fall\aug186_C_flipped_Coffee_room_01_video (39)_f58.png,fall
fa1_outputs\balanced\walking\aug339_brightness_jitter_Lecture_room_video (12)_f421.png,walking
fa1_outputs\balanced\normal\aug226_B_rotated_15deg_Home_01_video (19)_f96.png,normal
fa1_outputs\balanced\walking\aug967_brightness_jitter_Home_02_video (52)_f64.png,walking
fa1_outputs\balanced\walking\aug139_C_flipped_Office_video (28)_f454.png,walking
fa1_outputs\balanced\standing\Coffee_room_01_video (34)_f311.png,standing
fa1_outputs\balanced\normal\Home_02_video (36)_f120.png,normal
fa1_outputs\balanced\fall\aug538_D_zoom_1.3x_Coffee_room_01_video (16)_f55.png,fall
fa1_outputs\balanced\sitting\aug750_brightness_jitter_Coffee_room_02_video (55)_f0.png,sitting
fa1_outputs\balanced\fall\Coffee_room_02_video (49)_f454.png,fall
fa1_outputs\balanced\standing\Office_video (17)_f27.png,standing
fa1_outputs\balanced\sitting\aug380_brightness_jitter_Coffee_room_01_video (34)_f207.png,sitting
fa1_outputs\balanced\standing\Coffee_room_02_video (63)_f238.png,standing
fa1_outputs\balanced\walking\aug844_B_rotated_15deg_Office_video (18)_f574.png,walking
fa1_outputs\balanced\sitting\aug832_B_rotated_15deg_Office_video (23)_f1031.png,sitting
fa1_outputs\balanced\fall\aug337_C_flipped_Coffee_room_02_video (64)_f169.png,fall
fa1_outputs\balanced\normal\Coffee_room_01_video (40)_f306.png,normal
fa1_outputs\balanced\fall\aug291_D_zoom_1.3x_Coffee_room_02_video (55)_f258.png,fall
fa1_outputs\balanced\sitting\Home_02_video (45)_f194.png,sitting
fa1_outputs\balanced\fall\Coffee_room_01_video (20)_f341.png,fall
fa1_outputs\balanced\sitting\aug178_brightness_jitter_Coffee_room_01_video (21)_f22.png,sitting
fa1_outputs\balanced\normal\Lecture_room_video (7)_f294.png,normal
fa1_outputs\balanced\fall\aug308_D_zoom_1.3x_Coffee_room_02_video (59)_f139.png,fall
fa1_outputs\balanced\walking\aug575_brightness_jitter_Coffee_room_01_video (38)_f0.png,walking
fa1_outputs\balanced\sitting\aug215_D_zoom_1.3x_Coffee_room_01_video (48)_f0.png,sitting
fa1_outputs\balanced\walking\Home_01_video (3)_f30.png,walking
fa1_outputs\balanced\sitting\aug266_C_flipped_Home_02_video (41)_f210.png,sitting
fa1_outputs\balanced\standing\Coffee_room_02_video (66)_f0.png,standing
fa1_outputs\balanced\walking\aug272_B_rotated_15deg_Office_video (15)_f0.png,walking
fa1_outputs\balanced\standing\Coffee_room_01_video (25)_f131.png,standing
fa1_outputs\balanced\fall\Coffee_room_01_video (15)_f60.png,fall
fa1_outputs\balanced\standing\Lecture_room_video (18)_f841.png,standing
fa1_outputs\balanced\standing\Coffee_room_02_video (58)_f62.png,standing
fa1_outputs\balanced\fall\Coffee_room_01_video (22)_f125.png,fall
fa1_outputs\balanced\walking\aug248_brightness_jitter_Home_02_video (47)_f252.png,walking
fa1_outputs\balanced\fall\Coffee_room_01_video (27)_f171.png,fall
fa1_outputs\balanced\walking\aug338_C_flipped_Home_02_video (60)_f78.png,walking
fa1_outputs\balanced\sitting\aug343_D_zoom_1.3x_Office_video (32)_f272.png,sitting
fa1_outputs\balanced\normal\aug23_B_rotated_15deg_Coffee_room_01_video (15)_f105.png,normal
fa1_outputs\balanced\standing\Lecture_room_video (22)_f123.png,standing
fa1_outputs\balanced\normal\Coffee_room_02_video (59)_f200.png,normal
fa1_outputs\balanced\fall\Coffee_room_01_video (18)_f154.png,fall
fa1_outputs\balanced\fall\aug58_B_rotated_15deg_Coffee_room_01_video (17)_f94.png,fall
fa1_outputs\balanced\normal\aug366_D_zoom_1.3x_Home_02_video (42)_f147.png,normal
fa1_outputs\balanced\fall\Home_02_video (32)_f87.png,fall
fa1_outputs\balanced\standing\Office_video (29)_f366.png,standing
fa1_outputs\balanced\normal\Home_02_video (57)_f24.png,normal
fa1_outputs\balanced\standing\Lecture_room_video (20)_f29.png,standing
fa1_outputs\balanced\sitting\Home_01_video (26)_f0.png,sitting
fa1_outputs\balanced\fall\Home_01_video (2)_f120.png,fall
fa1_outputs\balanced\walking\Home_02_video (53)_f27.png,walking
fa1_outputs\balanced\normal\Coffee_room_01_video (33)_f198.png,normal
fa1_outputs\balanced\walking\aug820_C_flipped_Home_02_video (49)_f78.png,walking
fa1_outputs\balanced\normal\aug235_brightness_jitter_Home_01_video (20)_f81.png,normal
fa1_outputs\balanced\normal\Office_video (15)_f222.png,normal
fa1_outputs\balanced\walking\aug106_B_rotated_15deg_Home_02_video (47)_f252.png,walking
fa1_outputs\balanced\normal\aug150_brightness_jitter_Coffee_room_02_video (50)_f732.png,normal
fa1_outputs\balanced\standing\Coffee_room_01_video (9)_f51.png,standing
fa1_outputs\balanced\standing\Office_video (18)_f306.png,standing
fa1_outputs\balanced\walking\Home_01_video (21)_f135.png,walking
fa1_outputs\balanced\standing\Home_02_video (53)_f64.png,standing
fa1_outputs\balanced\walking\Office_video (15)_f39.png,walking
fa1_outputs\balanced\sitting\aug296_C_flipped_Office_video (18)_f383.png,sitting
fa1_outputs\balanced\normal\Home_01_video (14)_f180.png,normal
fa1_outputs\balanced\standing\Lecture_room_video (17)_f455.png,standing
fa1_outputs\balanced\fall\Home_01_video (27)_f96.png,fall
fa1_outputs\balanced\walking\aug345_D_zoom_1.3x_Office_video (18)_f459.png,walking
fa1_outputs\balanced\fall\Lecture_room_video (1)_f85.png,fall
fa1_outputs\balanced\standing\Coffee_room_02_video (57)_f351.png,standing
fa1_outputs\balanced\standing\Coffee_room_02_video (66)_f59.png,standing
fa1_outputs\balanced\walking\aug108_B_rotated_15deg_Home_02_video (49)_f273.png,walking
fa1_outputs\balanced\normal\Home_02_video (31)_f187.png,normal
fa1_outputs\balanced\normal\Lecture_room_video (12)_f540.png,normal
fa1_outputs\balanced\sitting\aug423_C_flipped_Home_01_video (16)_f66.png,sitting
fa1_outputs\balanced\sitting\Home_02_video (46)_f211.png,sitting
fa1_outputs\balanced\sitting\Coffee_room_02_video (56)_f215.png,sitting
fa1_outputs\balanced\sitting\aug284_brightness_jitter_Lecture_room_video (18)_f420.png,sitting
fa1_outputs\balanced\normal\Coffee_room_01_video (23)_f116.png,normal
fa1_outputs\balanced\normal\Office_video (3)_f373.png,normal
fa1_outputs\balanced\sitting\aug316_B_rotated_15deg_Office_video (25)_f494.png,sitting
fa1_outputs\balanced\standing\Coffee_room_02_video (67)_f138.png,standing
fa1_outputs\balanced\standing\Home_01_video (15)_f142.png,standing
fa1_outputs\balanced\sitting\aug45_B_rotated_15deg_Coffee_room_02_video (52)_f26.png,sitting
fa1_outputs\balanced\walking\aug639_D_zoom_1.3x_Coffee_room_01_video (11)_f289.png,walking
fa1_outputs\balanced\walking\aug601_brightness_jitter_Home_02_video (45)_f21.png,walking
fa1_outputs\balanced\normal\Office_video (25)_f617.png,normal
fa1_outputs\balanced\normal\Home_01_video (20)_f108.png,normal
fa1_outputs\balanced\normal\aug52_C_flipped_Coffee_room_01_video (20)_f388.png,normal
fa1_outputs\balanced\walking\aug620_C_flipped_Home_02_video (56)_f324.png,walking
fa1_outputs\balanced\fall\aug194_brightness_jitter_Coffee_room_01_video (40)_f259.png,fall
fa1_outputs\balanced\standing\Coffee_room_02_video (62)_f70.png,standing
fa1_outputs\balanced\standing\Home_02_video (41)_f96.png,standing
fa1_outputs\balanced\sitting\aug846_D_zoom_1.3x_Office_video (27)_f405.png,sitting
fa1_outputs\balanced\normal\aug58_C_flipped_Coffee_room_01_video (22)_f200.png,normal
fa1_outputs\balanced\sitting\aug569_brightness_jitter_Coffee_room_01_video (48)_f311.png,sitting
fa1_outputs\balanced\normal\Home_01_video (7)_f86.png,normal
fa1_outputs\balanced\normal\aug110_B_rotated_15deg_Coffee_room_01_video (39)_f117.png,normal
fa1_outputs\balanced\normal\aug65_D_zoom_1.3x_Coffee_room_01_video (24)_f106.png,normal
fa1_outputs\balanced\sitting\aug84_brightness_jitter_Home_01_video (6)_f48.png,sitting
fa1_outputs\balanced\fall\Coffee_room_01_video (14)_f66.png,fall
fa1_outputs\balanced\fall\aug455_C_flipped_Lecture_room_video (6)_f228.png,fall
fa1_outputs\balanced\sitting\aug240_C_flipped_Coffee_room_02_video (62)_f112.png,sitting
fa1_outputs\balanced\sitting\aug509_D_zoom_1.3x_Office_video (3)_f58.png,sitting
fa1_outputs\balanced\walking\aug302_B_rotated_15deg_Home_01_video (2)_f30.png,walking
fa1_outputs\balanced\walking\aug893_brightness_jitter_Home_02_video (50)_f62.png,walking
fa1_outputs\balanced\walking\aug545_B_rotated_15deg_Home_02_video (54)_f54.png,walking
fa1_outputs\balanced\normal\Coffee_room_01_video (38)_f44.png,normal
fa1_outputs\balanced\standing\Coffee_room_02_video (67)_f260.png,standing
fa1_outputs\balanced\normal\aug363_D_zoom_1.3x_Home_02_video (42)_f117.png,normal
fa1_outputs\balanced\walking\aug86_B_rotated_15deg_Coffee_room_02_video (69)_f641.png,walking
fa1_outputs\balanced\standing\Coffee_room_01_video (4)_f77.png,standing
fa1_outputs\balanced\normal\Coffee_room_01_video (9)_f82.png,normal
fa1_outputs\balanced\sitting\aug693_C_flipped_Office_video (30)_f935.png,sitting
fa1_outputs\balanced\normal\Coffee_room_01_video (17)_f118.png,normal
fa1_outputs\balanced\walking\aug175_D_zoom_1.3x_Home_02_video (45)_f21.png,walking
fa1_outputs\balanced\normal\Office_video (5)_f148.png,normal
fa1_outputs\balanced\standing\Coffee_room_02_video (65)_f426.png,standing
fa1_outputs\balanced\fall\Home_01_video (4)_f160.png,fall
fa1_outputs\balanced\normal\Home_02_video (55)_f189.png,normal
fa1_outputs\balanced\standing\Coffee_room_01_video (7)_f65.png,standing
fa1_outputs\balanced\standing\Lecture_room_video (19)_f81.png,standing
fa1_outputs\balanced\normal\aug11_brightness_jitter_Coffee_room_01_video (12)_f36.png,normal
fa1_outputs\balanced\standing\Coffee_room_02_video (66)_f223.png,standing
fa1_outputs\balanced\fall\Home_02_video (31)_f62.png,fall
fa1_outputs\balanced\walking\aug698_brightness_jitter_Office_video (15)_f0.png,walking
fa1_outputs\balanced\walking\aug114_D_zoom_1.3x_Home_02_video (52)_f21.png,walking
fa1_outputs\balanced\fall\Coffee_room_01_video (4)_f129.png,fall
fa1_outputs\balanced\sitting\aug652_D_zoom_1.3x_Office_video (20)_f199.png,sitting
fa1_outputs\balanced\normal\Coffee_room_01_video (24)_f106.png,normal
fa1_outputs\balanced\fall\Office_video (4)_f224.png,fall
fa1_outputs\balanced\fall\Coffee_room_02_video (52)_f107.png,fall
fa1_outputs\balanced\fall\aug485_brightness_jitter_Office_video (6)_f373.png,fall
fa1_outputs\balanced\standing\Coffee_room_02_video (56)_f53.png,standing
fa1_outputs\balanced\fall\aug97_B_rotated_15deg_Coffee_room_01_video (24)_f213.png,fall
fa1_outputs\balanced\normal\aug82_brightness_jitter_Coffee_room_01_video (30)_f116.png,normal
fa1_outputs\balanced\normal\Office_video (22)_f193.png,normal
fa1_outputs\balanced\standing\Home_02_video (42)_f84.png,standing
fa1_outputs\balanced\sitting\aug792_B_rotated_15deg_Home_02_video (34)_f48.png,sitting
fa1_outputs\balanced\normal\Coffee_room_02_video (67)_f130.png,normal
fa1_outputs\balanced\sitting\aug601_B_rotated_15deg_Home_01_video (22)_f48.png,sitting
fa1_outputs\balanced\normal\Coffee_room_01_video (7)_f152.png,normal
fa1_outputs\balanced\fall\aug348_D_zoom_1.3x_Home_01_video (12)_f162.png,fall
fa1_outputs\balanced\walking\aug438_B_rotated_15deg_Coffee_room_02_video (58)_f38.png,walking
fa1_outputs\balanced\fall\Coffee_room_02_video (58)_f211.png,fall
fa1_outputs\balanced\normal\Coffee_room_01_video (17)_f59.png,normal
fa1_outputs\balanced\fall\Coffee_room_01_video (22)_f132.png,fall
fa1_outputs\balanced\walking\aug926_brightness_jitter_Coffee_room_01_video (17)_f19.png,walking
fa1_outputs\balanced\fall\aug358_D_zoom_1.3x_Home_01_video (18)_f135.png,fall
fa1_outputs\balanced\fall\aug371_D_zoom_1.3x_Home_01_video (22)_f151.png,fall
fa1_outputs\balanced\sitting\Home_01_video (27)_f0.png,sitting
fa1_outputs\balanced\fall\aug25_C_flipped_Coffee_room_01_video (13)_f100.png,fall
fa1_outputs\balanced\standing\Home_02_video (43)_f16.png,standing
fa1_outputs\balanced\sitting\aug664_B_rotated_15deg_Office_video (24)_f331.png,sitting
fa1_outputs\balanced\standing\Office_video (7)_f81.png,standing
fa1_outputs\balanced\normal\Coffee_room_02_video (67)_f34.png,normal
fa1_outputs\balanced\walking\aug501_C_flipped_Coffee_room_01_video (24)_f33.png,walking
fa1_outputs\balanced\standing\Coffee_room_01_video (47)_f91.png,standing
fa1_outputs\balanced\fall\Lecture_room_video (3)_f498.png,fall
fa1_outputs\balanced\fall\Home_02_video (31)_f200.png,fall
fa1_outputs\balanced\standing\Coffee_room_01_video (20)_f88.png,standing
fa1_outputs\balanced\standing\Lecture_room_video (27)_f155.png,standing
fa1_outputs\balanced\fall\aug136_brightness_jitter_Coffee_room_01_video (31)_f159.png,fall
fa1_outputs\balanced\fall\aug94_C_flipped_Coffee_room_01_video (22)_f132.png,fall
fa1_outputs\balanced\standing\Home_01_video (13)_f150.png,standing
fa1_outputs\balanced\sitting\aug76_brightness_jitter_Home_01_video (26)_f27.png,sitting
fa1_outputs\balanced\walking\aug366_C_flipped_Coffee_room_01_video (5)_f36.png,walking
fa1_outputs\balanced\sitting\aug309_C_flipped_Office_video (24)_f207.png,sitting
fa1_outputs\balanced\standing\Home_02_video (53)_f81.png,standing
fa1_outputs\balanced\sitting\aug353_C_flipped_Coffee_room_01_video (21)_f0.png,sitting
fa1_outputs\balanced\walking\aug393_brightness_jitter_Home_02_video (49)_f62.png,walking
fa1_outputs\balanced\normal\Home_02_video (60)_f31.png,normal
fa1_outputs\balanced\fall\aug67_B_rotated_15deg_Coffee_room_01_video (19)_f109.png,fall
fa1_outputs\balanced\normal\Lecture_room_video (14)_f128.png,normal
fa1_outputs\balanced\fall\Coffee_room_01_video (17)_f126.png,fall
fa1_outputs\balanced\fall\aug367_C_flipped_Home_01_video (20)_f155.png,fall
fa1_outputs\balanced\normal\aug331_B_rotated_15deg_Home_02_video (35)_f43.png,normal
fa1_outputs\balanced\fall\aug212_B_rotated_15deg_Coffee_room_01_video (44)_f106.png,fall
fa1_outputs\balanced\standing\Office_video (28)_f315.png,standing
fa1_outputs\balanced\fall\Coffee_room_02_video (59)_f150.png,fall
fa1_outputs\balanced\sitting\aug673_C_flipped_Office_video (27)_f567.png,sitting
fa1_outputs\balanced\walking\aug664_C_flipped_Home_01_video (29)_f108.png,walking
fa1_outputs\balanced\standing\Lecture_room_video (22)_f863.png,standing
fa1_outputs\balanced\fall\aug341_brightness_jitter_Home_01_video (1)_f154.png,fall
fa1_outputs\balanced\standing\Lecture_room_video (24)_f1153.png,standing
fa1_outputs\balanced\normal\Lecture_room_video (19)_f511.png,normal
fa1_outputs\balanced\sitting\Office_video (16)_f0.png,sitting
fa1_outputs\balanced\sitting\aug259_C_flipped_Home_01_video (30)_f120.png,sitting
fa1_outputs\balanced\walking\aug668_C_flipped_Home_01_video (4)_f30.png,walking
fa1_outputs\balanced\sitting\aug163_B_rotated_15deg_Office_video (30)_f779.png,sitting
fa1_outputs\balanced\fall\Coffee_room_02_video (53)_f268.png,fall
fa1_outputs\balanced\sitting\aug544_C_flipped_Coffee_room_01_video (30)_f126.png,sitting
fa1_outputs\balanced\walking\aug418_brightness_jitter_Office_video (18)_f574.png,walking
fa1_outputs\balanced\sitting\aug369_B_rotated_15deg_Coffee_room_01_video (31)_f0.png,sitting
fa1_outputs\balanced\sitting\aug532_C_flipped_Coffee_room_01_video (22)_f0.png,sitting
fa1_outputs\balanced\fall\aug40_D_zoom_1.3x_Coffee_room_01_video (15)_f73.png,fall
fa1_outputs\balanced\walking\aug916_B_rotated_15deg_Office_video (18)_f612.png,walking
fa1_outputs\balanced\standing\Office_video (8)_f157.png,standing
fa1_outputs\balanced\fall\aug121_D_zoom_1.3x_Coffee_room_01_video (29)_f304.png,fall
fa1_outputs\balanced\normal\Home_02_video (52)_f54.png,normal
fa1_outputs\balanced\sitting\Home_01_video (29)_f54.png,sitting
fa1_outputs\balanced\standing\Home_02_video (46)_f99.png,standing
fa1_outputs\balanced\fall\aug461_brightness_jitter_Office_video (11)_f57.png,fall
fa1_outputs\balanced\fall\aug2_C_flipped_Coffee_room_01_video (1)_f56.png,fall
fa1_outputs\balanced\normal\aug186_D_zoom_1.3x_Coffee_room_02_video (63)_f0.png,normal
fa1_outputs\balanced\fall\aug484_B_rotated_15deg_Office_video (6)_f332.png,fall
fa1_outputs\balanced\normal\aug257_C_flipped_Home_01_video (24)_f24.png,normal
fa1_outputs\balanced\normal\Coffee_room_01_video (6)_f209.png,normal
fa1_outputs\balanced\standing\Home_02_video (43)_f117.png,standing
fa1_outputs\balanced\normal\aug322_brightness_jitter_Home_02_video (33)_f0.png,normal
fa1_outputs\balanced\walking\aug401_B_rotated_15deg_Home_02_video (53)_f27.png,walking
fa1_outputs\balanced\walking\aug398_B_rotated_15deg_Home_02_video (52)_f21.png,walking
fa1_outputs\balanced\walking\aug210_D_zoom_1.3x_Office_video (28)_f454.png,walking
fa1_outputs\balanced\normal\aug149_B_rotated_15deg_Coffee_room_02_video (50)_f390.png,normal
fa1_outputs\balanced\fall\Coffee_room_01_video (12)_f64.png,fall
fa1_outputs\balanced\normal\Home_01_video (28)_f0.png,normal
fa1_outputs\balanced\walking\Lecture_room_video (27)_f161.png,walking
fa1_outputs\balanced\walking\aug78_B_rotated_15deg_Coffee_room_01_video (38)_f0.png,walking
fa1_outputs\balanced\fall\aug518_B_rotated_15deg_Coffee_room_01_video (13)_f100.png,fall
fa1_outputs\balanced\fall\aug141_C_flipped_Coffee_room_01_video (31)_f176.png,fall
fa1_outputs\balanced\sitting\aug584_D_zoom_1.3x_Coffee_room_02_video (56)_f215.png,sitting
fa1_outputs\balanced\normal\Office_video (9)_f185.png,normal
fa1_outputs\balanced\walking\aug917_brightness_jitter_Office_video (19)_f263.png,walking
fa1_outputs\balanced\fall\Coffee_room_01_video (36)_f1116.png,fall
fa1_outputs\balanced\walking\aug169_B_rotated_15deg_Home_01_video (30)_f0.png,walking
fa1_outputs\balanced\normal\Office_video (31)_f25.png,normal
fa1_outputs\balanced\walking\aug959_D_zoom_1.3x_Home_02_video (48)_f0.png,walking
fa1_outputs\balanced\sitting\aug502_B_rotated_15deg_Office_video (3)_f140.png,sitting
fa1_outputs\balanced\sitting\aug286_C_flipped_Lecture_room_video (19)_f409.png,sitting
fa1_outputs\balanced\standing\Office_video (29)_f610.png,standing
fa1_outputs\balanced\sitting\aug75_D_zoom_1.3x_Home_01_video (26)_f0.png,sitting
fa1_outputs\balanced\walking\aug801_B_rotated_15deg_Home_01_video (20)_f135.png,walking
fa1_outputs\balanced\fall\Coffee_room_02_video (64)_f137.png,fall
fa1_outputs\balanced\fall\Coffee_room_01_video (7)_f111.png,fall
fa1_outputs\balanced\sitting\Office_video (4)_f128.png,sitting
fa1_outputs\balanced\normal\Coffee_room_01_video (15)_f87.png,normal
fa1_outputs\balanced\standing\Home_02_video (58)_f252.png,standing
fa1_outputs\balanced\standing\Coffee_room_01_video (26)_f34.png,standing
fa1_outputs\balanced\sitting\aug328_D_zoom_1.3x_Office_video (3)_f186.png,sitting
fa1_outputs\balanced\normal\Home_01_video (28)_f27.png,normal
fa1_outputs\balanced\fall\Coffee_room_01_video (33)_f181.png,fall
fa1_outputs\balanced\walking\aug355_D_zoom_1.3x_Coffee_room_01_video (11)_f289.png,walking
fa1_outputs\balanced\fall\Coffee_room_02_video (62)_f194.png,fall
fa1_outputs\balanced\standing\Office_video (10)_f53.png,standing
fa1_outputs\balanced\normal\aug162_C_flipped_Coffee_room_02_video (53)_f335.png,normal
fa1_outputs\balanced\sitting\Lecture_room_video (14)_f256.png,sitting
fa1_outputs\balanced\fall\Home_01_video (8)_f135.png,fall
fa1_outputs\balanced\normal\aug339_brightness_jitter_Home_02_video (37)_f96.png,normal
fa1_outputs\balanced\fall\Coffee_room_01_video (12)_f58.png,fall
fa1_outputs\balanced\standing\Lecture_room_video (8)_f541.png,standing
fa1_outputs\balanced\normal\aug259_C_flipped_Home_01_video (24)_f48.png,normal
fa1_outputs\balanced\standing\Office_video (6)_f290.png,standing
fa1_outputs\balanced\standing\Coffee_room_02_video (65)_f533.png,standing
fa1_outputs\balanced\standing\Home_01_video (4)_f144.png,standing
fa1_outputs\balanced\standing\Lecture_room_video (6)_f106.png,standing
fa1_outputs\balanced\walking\Office_video (18)_f478.png,walking
fa1_outputs\balanced\normal\Coffee_room_01_video (35)_f144.png,normal
fa1_outputs\balanced\walking\aug299_brightness_jitter_Coffee_room_02_video (69)_f641.png,walking
fa1_outputs\balanced\fall\aug175_brightness_jitter_Coffee_room_01_video (36)_f1116.png,fall
fa1_outputs\balanced\standing\Lecture_room_video (25)_f235.png,standing
fa1_outputs\balanced\standing\Home_01_video (8)_f71.png,standing
fa1_outputs\balanced\sitting\aug636_C_flipped_Lecture_room_video (18)_f420.png,sitting
fa1_outputs\balanced\normal\Home_02_video (58)_f268.png,normal
fa1_outputs\balanced\fall\aug143_brightness_jitter_Coffee_room_01_video (32)_f211.png,fall
fa1_outputs\balanced\fall\aug256_B_rotated_15deg_Coffee_room_02_video (49)_f430.png,fall
fa1_outputs\balanced\walking\aug316_B_rotated_15deg_Home_02_video (37)_f0.png,walking
fa1_outputs\balanced\sitting\aug396_C_flipped_Coffee_room_02_video (52)_f21.png,sitting
fa1_outputs\balanced\standing\Coffee_room_01_video (20)_f222.png,standing
fa1_outputs\balanced\sitting\aug618_D_zoom_1.3x_Home_02_video (41)_f210.png,sitting
fa1_outputs\balanced\fall\aug376_brightness_jitter_Home_01_video (23)_f48.png,fall
fa1_outputs\balanced\fall\aug536_B_rotated_15deg_Coffee_room_01_video (16)_f46.png,fall
fa1_outputs\balanced\normal\Home_01_video (4)_f96.png,normal
fa1_outputs\balanced\standing\Coffee_room_01_video (3)_f114.png,standing
fa1_outputs\balanced\standing\Office_video (21)_f42.png,standing
fa1_outputs\balanced\standing\Coffee_room_02_video (63)_f372.png,standing
fa1_outputs\balanced\normal\Coffee_room_01_video (9)_f0.png,normal
fa1_outputs\balanced\standing\Coffee_room_02_video (67)_f69.png,standing
fa1_outputs\balanced\normal\Home_02_video (53)_f129.png,normal
fa1_outputs\balanced\sitting\aug246_brightness_jitter_Home_01_video (16)_f52.png,sitting
fa1_outputs\balanced\standing\Coffee_room_01_video (7)_f69.png,standing
fa1_outputs\balanced\sitting\aug469_C_flipped_Office_video (16)_f160.png,sitting
fa1_outputs\balanced\walking\aug670_C_flipped_Home_01_video (9)_f252.png,walking
fa1_outputs\balanced\fall\Coffee_room_01_video (31)_f159.png,fall
fa1_outputs\balanced\walking\aug185_B_rotated_15deg_Home_02_video (52)_f21.png,walking
fa1_outputs\balanced\walking\aug658_C_flipped_Home_01_video (20)_f129.png,walking
fa1_outputs\balanced\walking\aug118_B_rotated_15deg_Home_02_video (54)_f43.png,walking
fa1_outputs\balanced\normal\aug228_D_zoom_1.3x_Home_01_video (2)_f60.png,normal
fa1_outputs\balanced\sitting\aug803_B_rotated_15deg_Home_02_video (46)_f211.png,sitting
fa1_outputs\balanced\fall\aug87_D_zoom_1.3x_Coffee_room_01_video (21)_f85.png,fall
fa1_outputs\balanced\fall\Coffee_room_01_video (44)_f106.png,fall
fa1_outputs\balanced\standing\Coffee_room_01_video (10)_f0.png,standing
fa1_outputs\balanced\walking\Office_video (18)_f459.png,walking
fa1_outputs\balanced\walking\aug113_brightness_jitter_Home_02_video (50)_f78.png,walking
fa1_outputs\balanced\fall\aug229_C_flipped_Coffee_room_01_video (47)_f637.png,fall
fa1_outputs\balanced\sitting\aug40_C_flipped_Coffee_room_01_video (48)_f292.png,sitting
fa1_outputs\balanced\walking\aug807_B_rotated_15deg_Home_01_video (3)_f30.png,walking
fa1_outputs\balanced\fall\aug76_C_flipped_Coffee_room_01_video (2)_f205.png,fall
fa1_outputs\balanced\normal\Office_video (25)_f864.png,normal
fa1_outputs\balanced\fall\Coffee_room_01_video (33)_f87.png,fall
fa1_outputs\balanced\fall\aug391_brightness_jitter_Home_01_video (28)_f169.png,fall
fa1_outputs\balanced\walking\aug686_D_zoom_1.3x_Home_02_video (54)_f43.png,walking
fa1_outputs\balanced\walking\aug697_B_rotated_15deg_Lecture_room_video (7)_f235.png,walking
fa1_outputs\balanced\fall\Coffee_room_01_video (45)_f100.png,fall
fa1_outputs\balanced\normal\Home_01_video (16)_f99.png,normal
fa1_outputs\balanced\sitting\aug807_B_rotated_15deg_Home_02_video (52)_f27.png,sitting
fa1_outputs\balanced\standing\Lecture_room_video (21)_f452.png,standing
fa1_outputs\balanced\sitting\aug827_B_rotated_15deg_Office_video (20)_f159.png,sitting
fa1_outputs\balanced\normal\Home_02_video (32)_f24.png,normal
fa1_outputs\balanced\normal\aug93_B_rotated_15deg_Coffee_room_01_video (33)_f28.png,normal
fa1_outputs\balanced\standing\Coffee_room_01_video (46)_f73.png,standing
fa1_outputs\balanced\standing\Coffee_room_02_video (69)_f1122.png,standing
fa1_outputs\balanced\fall\Coffee_room_01_video (48)_f662.png,fall
fa1_outputs\balanced\fall\Home_01_video (23)_f167.png,fall
fa1_outputs\balanced\sitting\aug375_brightness_jitter_Coffee_room_01_video (32)_f38.png,sitting
fa1_outputs\balanced\walking\aug420_D_zoom_1.3x_Office_video (19)_f263.png,walking
fa1_outputs\balanced\standing\Lecture_room_video (27)_f0.png,standing
fa1_outputs\balanced\standing\Lecture_room_video (26)_f1286.png,standing
fa1_outputs\balanced\sitting\aug63_C_flipped_Coffee_room_02_video (62)_f105.png,sitting
fa1_outputs\balanced\fall\aug36_B_rotated_15deg_Coffee_room_01_video (15)_f54.png,fall
fa1_outputs\balanced\sitting\aug130_B_rotated_15deg_Office_video (23)_f687.png,sitting
fa1_outputs\balanced\standing\Office_video (1)_f124.png,standing
fa1_outputs\balanced\standing\Lecture_room_video (6)_f85.png,standing
fa1_outputs\balanced\standing\Lecture_room_video (26)_f1250.png,standing
fa1_outputs\balanced\walking\aug271_D_zoom_1.3x_Lecture_room_video (7)_f235.png,walking
fa1_outputs\balanced\fall\Coffee_room_01_video (43)_f654.png,fall
fa1_outputs\balanced\standing\Coffee_room_01_video (29)_f131.png,standing
fa1_outputs\balanced\sitting\Coffee_room_01_video (31)_f198.png,sitting
fa1_outputs\balanced\normal\aug182_brightness_jitter_Coffee_room_02_video (62)_f0.png,normal
fa1_outputs\balanced\walking\aug612_D_zoom_1.3x_Home_02_video (52)_f64.png,walking
fa1_outputs\balanced\normal\Office_video (16)_f321.png,normal
fa1_outputs\balanced\standing\Home_02_video (50)_f234.png,standing
fa1_outputs\balanced\fall\Coffee_room_01_video (25)_f137.png,fall
fa1_outputs\balanced\standing\Office_video (33)_f559.png,standing
fa1_outputs\balanced\normal\aug219_B_rotated_15deg_Home_01_video (17)_f90.png,normal
fa1_outputs\balanced\fall\aug253_B_rotated_15deg_Coffee_room_01_video (9)_f109.png,fall
fa1_outputs\balanced\sitting\Coffee_room_02_video (52)_f0.png,sitting
fa1_outputs\balanced\normal\Coffee_room_01_video (27)_f126.png,normal
fa1_outputs\balanced\standing\Lecture_room_video (10)_f61.png,standing
fa1_outputs\balanced\normal\Home_01_video (22)_f0.png,normal
fa1_outputs\balanced\sitting\aug795_D_zoom_1.3x_Home_02_video (41)_f216.png,sitting
fa1_outputs\balanced\standing\Lecture_room_video (2)_f354.png,standing
fa1_outputs\balanced\standing\Coffee_room_02_video (53)_f229.png,standing
fa1_outputs\balanced\sitting\aug721_brightness_jitter_Coffee_room_01_video (31)_f0.png,sitting
fa1_outputs\balanced\walking\aug457_C_flipped_Home_01_video (9)_f252.png,walking
fa1_outputs\balanced\sitting\Coffee_room_01_video (42)_f39.png,sitting
fa1_outputs\balanced\normal\Home_02_video (56)_f108.png,normal
fa1_outputs\balanced\walking\aug741_B_rotated_15deg_Home_01_video (9)_f252.png,walking
fa1_outputs\balanced\normal\Lecture_room_video (4)_f281.png,normal
fa1_outputs\balanced\standing\Lecture_room_video (17)_f316.png,standing
fa1_outputs\balanced\standing\Home_02_video (57)_f150.png,standing
fa1_outputs\balanced\fall\aug211_brightness_jitter_Coffee_room_01_video (43)_f662.png,fall
fa1_outputs\balanced\normal\Coffee_room_02_video (64)_f185.png,normal
fa1_outputs\balanced\standing\Lecture_room_video (8)_f90.png,standing
fa1_outputs\balanced\walking\aug540_brightness_jitter_Home_02_video (52)_f21.png,walking
fa1_outputs\balanced\standing\Coffee_room_02_video (63)_f476.png,standing
fa1_outputs\balanced\sitting\Coffee_room_01_video (22)_f28.png,sitting
fa1_outputs\balanced\normal\Office_video (27)_f709.png,normal
fa1_outputs\balanced\standing\Lecture_room_video (16)_f326.png,standing
fa1_outputs\balanced\standing\Coffee_room_01_video (5)_f45.png,standing
fa1_outputs\balanced\normal\Home_01_video (24)_f24.png,normal
fa1_outputs\balanced\sitting\aug138_C_flipped_Office_video (24)_f82.png,sitting
fa1_outputs\balanced\normal\Home_01_video (22)_f150.png,normal
fa1_outputs\balanced\fall\Coffee_room_01_video (17)_f20.png,fall
fa1_outputs\balanced\sitting\aug834_C_flipped_Office_video (23)_f687.png,sitting
fa1_outputs\balanced\walking\aug321_C_flipped_Home_02_video (49)_f273.png,walking
fa1_outputs\balanced\sitting\aug288_B_rotated_15deg_Office_video (13)_f475.png,sitting
fa1_outputs\balanced\fall\aug443_brightness_jitter_Home_02_video (48)_f48.png,fall
fa1_outputs\balanced\walking\aug395_D_zoom_1.3x_Home_02_video (50)_f273.png,walking
fa1_outputs\balanced\normal\aug57_C_flipped_Coffee_room_01_video (22)_f171.png,normal
fa1_outputs\balanced\sitting\aug307_D_zoom_1.3x_Office_video (23)_f716.png,sitting
fa1_outputs\balanced\fall\aug314_D_zoom_1.3x_Coffee_room_02_video (60)_f129.png,fall
fa1_outputs\balanced\fall\Home_01_video (4)_f156.png,fall
fa1_outputs\balanced\normal\Home_02_video (33)_f24.png,normal
fa1_outputs\balanced\sitting\Home_01_video (16)_f52.png,sitting
fa1_outputs\balanced\standing\Home_01_video (10)_f124.png,standing
fa1_outputs\balanced\standing\Lecture_room_video (26)_f142.png,standing
fa1_outputs\balanced\walking\aug860_brightness_jitter_Coffee_room_01_video (38)_f140.png,walking
fa1_outputs\balanced\walking\aug911_brightness_jitter_Office_video (15)_f0.png,walking
fa1_outputs\balanced\standing\Coffee_room_01_video (47)_f145.png,standing
fa1_outputs\balanced\walking\aug859_B_rotated_15deg_Coffee_room_01_video (38)_f0.png,walking
fa1_outputs\balanced\sitting\aug347_brightness_jitter_Office_video (4)_f120.png,sitting
fa1_outputs\balanced\walking\aug383_B_rotated_15deg_Home_01_video (30)_f72.png,walking
fa1_outputs\balanced\walking\aug680_brightness_jitter_Home_02_video (50)_f62.png,walking
fa1_outputs\balanced\normal\Coffee_room_01_video (14)_f105.png,normal
fa1_outputs\balanced\standing\Coffee_room_02_video (67)_f242.png,standing
fa1_outputs\balanced\normal\Coffee_room_01_video (13)_f0.png,normal
fa1_outputs\balanced\normal\aug217_D_zoom_1.3x_Home_01_video (17)_f30.png,normal
fa1_outputs\balanced\fall\aug361_brightness_jitter_Home_01_video (19)_f38.png,fall
fa1_outputs\balanced\normal\aug319_C_flipped_Home_02_video (32)_f24.png,normal
fa1_outputs\balanced\standing\Home_02_video (35)_f108.png,standing
fa1_outputs\balanced\sitting\aug687_brightness_jitter_Office_video (30)_f467.png,sitting
fa1_outputs\balanced\standing\Coffee_room_02_video (69)_f384.png,standing
fa1_outputs\balanced\standing\Home_02_video (46)_f79.png,standing
fa1_outputs\balanced\standing\Office_video (28)_f252.png,standing
fa1_outputs\balanced\normal\aug54_brightness_jitter_Coffee_room_01_video (21)_f68.png,normal
fa1_outputs\balanced\standing\Office_video (15)_f159.png,standing
fa1_outputs\balanced\fall\Home_01_video (17)_f48.png,fall
fa1_outputs\balanced\normal\aug9_D_zoom_1.3x_Coffee_room_01_video (11)_f422.png,normal
fa1_outputs\balanced\walking\Home_01_video (20)_f135.png,walking
fa1_outputs\balanced\walking\aug843_B_rotated_15deg_Office_video (18)_f478.png,walking
fa1_outputs\balanced\fall\Coffee_room_01_video (3)_f242.png,fall
fa1_outputs\balanced\standing\Coffee_room_01_video (43)_f359.png,standing
fa1_outputs\balanced\standing\Coffee_room_02_video (64)_f84.png,standing
fa1_outputs\balanced\fall\Home_02_video (32)_f38.png,fall
fa1_outputs\balanced\normal\Office_video (20)_f133.png,normal
fa1_outputs\balanced\sitting\aug124_brightness_jitter_Office_video (20)_f199.png,sitting
fa1_outputs\balanced\sitting\aug16_B_rotated_15deg_Coffee_room_01_video (30)_f126.png,sitting
fa1_outputs\balanced\normal\Home_02_video (56)_f225.png,normal
fa1_outputs\balanced\normal\aug79_brightness_jitter_Coffee_room_01_video (3)_f38.png,normal
fa1_outputs\balanced\standing\Coffee_room_01_video (18)_f33.png,standing
fa1_outputs\balanced\standing\Lecture_room_video (17)_f379.png,standing
fa1_outputs\balanced\fall\aug24_C_flipped_Coffee_room_01_video (12)_f64.png,fall
fa1_outputs\balanced\walking\Home_02_video (52)_f21.png,walking
fa1_outputs\balanced\normal\aug125_D_zoom_1.3x_Coffee_room_01_video (48)_f389.png,normal
fa1_outputs\balanced\fall\aug145_brightness_jitter_Coffee_room_01_video (32)_f223.png,fall
fa1_outputs\balanced\walking\aug451_C_flipped_Home_01_video (29)_f108.png,walking
fa1_outputs\balanced\walking\aug778_C_flipped_Office_video (28)_f454.png,walking
fa1_outputs\balanced\fall\Coffee_room_02_video (59)_f139.png,fall
fa1_outputs\balanced\standing\Lecture_room_video (20)_f37.png,standing
fa1_outputs\balanced\walking\aug676_C_flipped_Home_02_video (49)_f273.png,walking
fa1_outputs\balanced\normal\Home_01_video (22)_f30.png,normal
fa1_outputs\balanced\walking\aug961_D_zoom_1.3x_Home_02_video (49)_f62.png,walking
fa1_outputs\balanced\fall\Coffee_room_01_video (19)_f99.png,fall
fa1_outputs\balanced\normal\aug55_C_flipped_Coffee_room_01_video (21)_f72.png,normal
fa1_outputs\balanced\walking\aug636_B_rotated_15deg_Office_video (28)_f454.png,walking
fa1_outputs\balanced\standing\Coffee_room_02_video (65)_f177.png,standing
fa1_outputs\balanced\fall\Coffee_room_01_video (6)_f143.png,fall
fa1_outputs\balanced\sitting\aug717_brightness_jitter_Coffee_room_01_video (27)_f63.png,sitting
fa1_outputs\balanced\fall\aug533_B_rotated_15deg_Coffee_room_01_video (15)_f73.png,fall
fa1_outputs\balanced\sitting\Office_video (30)_f872.png,sitting
fa1_outputs\balanced\fall\aug297_B_rotated_15deg_Coffee_room_02_video (56)_f344.png,fall
fa1_outputs\balanced\walking\aug101_B_rotated_15deg_Home_01_video (8)_f178.png,walking
fa1_outputs\balanced\fall\Coffee_room_01_video (17)_f38.png,fall
fa1_outputs\balanced\walking\aug555_C_flipped_Lecture_room_video (7)_f235.png,walking
fa1_outputs\balanced\standing\Lecture_room_video (15)_f444.png,standing
fa1_outputs\balanced\fall\Home_01_video (7)_f142.png,fall
fa1_outputs\balanced\fall\Coffee_room_02_video (59)_f134.png,fall
fa1_outputs\balanced\normal\aug262_B_rotated_15deg_Home_01_video (25)_f133.png,normal
fa1_outputs\balanced\normal\Coffee_room_01_video (39)_f117.png,normal
fa1_outputs\balanced\walking\aug577_D_zoom_1.3x_Coffee_room_01_video (38)_f70.png,walking
fa1_outputs\balanced\standing\Office_video (26)_f349.png,standing
fa1_outputs\balanced\sitting\aug245_D_zoom_1.3x_Home_01_video (16)_f33.png,sitting
fa1_outputs\balanced\normal\Coffee_room_01_video (17)_f138.png,normal
fa1_outputs\balanced\walking\aug278_brightness_jitter_Office_video (19)_f263.png,walking
fa1_outputs\balanced\sitting\aug140_D_zoom_1.3x_Office_video (25)_f494.png,sitting
fa1_outputs\balanced\fall\aug210_C_flipped_Coffee_room_01_video (43)_f654.png,fall
fa1_outputs\balanced\standing\Coffee_room_01_video (3)_f60.png,standing
fa1_outputs\balanced\normal\Home_01_video (17)_f150.png,normal
fa1_outputs\balanced\normal\aug206_D_zoom_1.3x_Home_01_video (1)_f198.png,normal
fa1_outputs\balanced\normal\Coffee_room_01_video (3)_f38.png,normal
fa1_outputs\balanced\normal\aug360_D_zoom_1.3x_Home_02_video (41)_f72.png,normal
fa1_outputs\balanced\fall\Coffee_room_01_video (25)_f147.png,fall
fa1_outputs\balanced\walking\aug899_B_rotated_15deg_Home_02_video (54)_f43.png,walking
fa1_outputs\balanced\sitting\aug205_brightness_jitter_Coffee_room_01_video (34)_f259.png,sitting
fa1_outputs\balanced\walking\aug948_D_zoom_1.3x_Home_01_video (29)_f108.png,walking
fa1_outputs\balanced\standing\Coffee_room_01_video (10)_f135.png,standing
fa1_outputs\balanced\standing\Lecture_room_video (22)_f370.png,standing
fa1_outputs\balanced\standing\Coffee_room_01_video (6)_f119.png,standing
fa1_outputs\balanced\standing\Lecture_room_video (2)_f316.png,standing
fa1_outputs\balanced\standing\Coffee_room_01_video (4)_f82.png,standing
fa1_outputs\balanced\sitting\aug104_C_flipped_Home_02_video (53)_f135.png,sitting
fa1_outputs\balanced\sitting\aug749_B_rotated_15deg_Coffee_room_02_video (52)_f26.png,sitting
fa1_outputs\balanced\walking\aug66_C_flipped_Office_video (19)_f41.png,walking
fa1_outputs\balanced\standing\Coffee_room_01_video (2)_f61.png,standing
fa1_outputs\balanced\walking\aug206_brightness_jitter_Office_video (18)_f612.png,walking
fa1_outputs\balanced\standing\Home_02_video (50)_f156.png,standing
fa1_outputs\balanced\walking\aug60_C_flipped_Office_video (15)_f39.png,walking
fa1_outputs\balanced\walking\aug513_C_flipped_Coffee_room_02_video (70)_f167.png,walking
fa1_outputs\balanced\standing\Lecture_room_video (24)_f540.png,standing
fa1_outputs\balanced\fall\Home_01_video (23)_f165.png,fall
fa1_outputs\balanced\walking\aug746_D_zoom_1.3x_Home_02_video (48)_f0.png,walking
fa1_outputs\balanced\normal\Office_video (25)_f296.png,normal
fa1_outputs\balanced\sitting\aug833_C_flipped_Office_video (23)_f429.png,sitting
fa1_outputs\balanced\standing\Office_video (23)_f143.png,standing
fa1_outputs\balanced\fall\Coffee_room_02_video (62)_f189.png,fall
fa1_outputs\balanced\walking\aug294_C_flipped_Coffee_room_01_video (38)_f88.png,walking
fa1_outputs\balanced\fall\aug118_D_zoom_1.3x_Coffee_room_01_video (28)_f87.png,fall
fa1_outputs\balanced\walking\aug164_D_zoom_1.3x_Home_01_video (21)_f135.png,walking
fa1_outputs\balanced\fall\aug360_B_rotated_15deg_Home_01_video (19)_f129.png,fall
fa1_outputs\balanced\standing\Lecture_room_video (21)_f226.png,standing
fa1_outputs\balanced\standing\Home_02_video (40)_f210.png,standing
fa1_outputs\balanced\normal\aug68_C_flipped_Coffee_room_01_video (25)_f229.png,normal
fa1_outputs\balanced\sitting\aug297_brightness_jitter_Office_video (18)_f536.png,sitting
fa1_outputs\balanced\sitting\aug89_D_zoom_1.3x_Home_02_video (38)_f144.png,sitting
fa1_outputs\balanced\normal\aug372_C_flipped_Home_02_video (45)_f81.png,normal
fa1_outputs\balanced\sitting\aug476_brightness_jitter_Office_video (20)_f199.png,sitting
fa1_outputs\balanced\walking\aug390_B_rotated_15deg_Home_02_video (47)_f252.png,walking
fa1_outputs\balanced\sitting\Office_video (16)_f171.png,sitting
fa1_outputs\balanced\normal\aug398_B_rotated_15deg_Home_02_video (54)_f21.png,normal
fa1_outputs\balanced\sitting\aug560_B_rotated_15deg_Coffee_room_01_video (40)_f0.png,sitting
fa1_outputs\balanced\fall\Coffee_room_01_video (28)_f90.png,fall
fa1_outputs\balanced\walking\aug22_B_rotated_15deg_Home_01_video (21)_f135.png,walking
fa1_outputs\balanced\fall\Coffee_room_02_video (51)_f106.png,fall
fa1_outputs\balanced\normal\Coffee_room_01_video (27)_f158.png,normal
fa1_outputs\balanced\standing\Home_02_video (50)_f249.png,standing
fa1_outputs\balanced\standing\Coffee_room_01_video (47)_f455.png,standing
fa1_outputs\balanced\fall\Coffee_room_01_video (47)_f625.png,fall
fa1_outputs\balanced\standing\Office_video (12)_f89.png,standing
fa1_outputs\balanced\fall\aug305_C_flipped_Coffee_room_02_video (58)_f211.png,fall
fa1_outputs\balanced\standing\Home_02_video (49)_f156.png,standing
fa1_outputs\balanced\standing\Coffee_room_01_video (11)_f181.png,standing
fa1_outputs\balanced\standing\Coffee_room_01_video (47)_f364.png,standing
fa1_outputs\balanced\fall\Home_02_video (37)_f140.png,fall
fa1_outputs\balanced\fall\Coffee_room_01_video (15)_f70.png,fall
fa1_outputs\balanced\walking\aug310_C_flipped_Home_01_video (3)_f30.png,walking
fa1_outputs\balanced\sitting\Home_01_video (7)_f0.png,sitting
fa1_outputs\balanced\fall\aug241_brightness_jitter_Coffee_room_01_video (6)_f191.png,fall
fa1_outputs\balanced\normal\Home_01_video (30)_f48.png,normal
fa1_outputs\balanced\walking\aug556_brightness_jitter_Office_video (15)_f0.png,walking
fa1_outputs\balanced\walking\aug923_D_zoom_1.3x_Coffee_room_01_video (11)_f289.png,walking
fa1_outputs\balanced\sitting\Home_02_video (44)_f274.png,sitting
fa1_outputs\balanced\standing\Lecture_room_video (23)_f270.png,standing
fa1_outputs\balanced\standing\Home_02_video (46)_f165.png,standing
fa1_outputs\balanced\normal\Coffee_room_01_video (45)_f161.png,normal
fa1_outputs\balanced\sitting\aug458_B_rotated_15deg_Lecture_room_video (14)_f256.png,sitting
fa1_outputs\balanced\normal\Home_01_video (4)_f60.png,normal
fa1_outputs\balanced\walking\aug943_brightness_jitter_Home_01_video (20)_f135.png,walking
fa1_outputs\balanced\normal\Office_video (20)_f266.png,normal
fa1_outputs\balanced\fall\Coffee_room_02_video (52)_f193.png,fall
fa1_outputs\balanced\normal\Home_01_video (27)_f60.png,normal
fa1_outputs\balanced\fall\aug227_B_rotated_15deg_Coffee_room_01_video (47)_f625.png,fall
fa1_outputs\balanced\standing\Coffee_room_01_video (27)_f101.png,standing
fa1_outputs\balanced\normal\Coffee_room_01_video (18)_f201.png,normal
fa1_outputs\balanced\walking\aug944_B_rotated_15deg_Home_01_video (21)_f129.png,walking
fa1_outputs\balanced\walking\aug971_D_zoom_1.3x_Home_02_video (54)_f54.png,walking
fa1_outputs\balanced\standing\Home_02_video (35)_f54.png,standing
fa1_outputs\balanced\standing\Office_video (8)_f125.png,standing
fa1_outputs\balanced\sitting\aug93_D_zoom_1.3x_Home_02_video (44)_f282.png,sitting
fa1_outputs\balanced\fall\aug478_C_flipped_Office_video (4)_f224.png,fall
fa1_outputs\balanced\fall\Home_01_video (22)_f153.png,fall
fa1_outputs\balanced\standing\Coffee_room_01_video (45)_f53.png,standing
fa1_outputs\balanced\sitting\aug400_brightness_jitter_Coffee_room_02_video (55)_f129.png,sitting
fa1_outputs\balanced\sitting\Office_video (18)_f536.png,sitting
fa1_outputs\balanced\fall\aug184_D_zoom_1.3x_Coffee_room_01_video (39)_f49.png,fall
fa1_outputs\balanced\standing\Coffee_room_02_video (65)_f142.png,standing
fa1_outputs\balanced\fall\aug122_brightness_jitter_Coffee_room_01_video (3)_f223.png,fall
fa1_outputs\balanced\sitting\aug28_D_zoom_1.3x_Coffee_room_01_video (34)_f207.png,sitting
fa1_outputs\balanced\sitting\aug327_D_zoom_1.3x_Office_video (3)_f175.png,sitting
fa1_outputs\balanced\sitting\aug180_brightness_jitter_Coffee_room_01_video (22)_f0.png,sitting
fa1_outputs\balanced\normal\aug352_C_flipped_Home_02_video (39)_f19.png,normal
fa1_outputs\balanced\sitting\aug30_brightness_jitter_Coffee_room_01_video (34)_f51.png,sitting
fa1_outputs\balanced\fall\Home_01_video (4)_f150.png,fall
fa1_outputs\balanced\sitting\aug745_brightness_jitter_Coffee_room_01_video (48)_f311.png,sitting
fa1_outputs\balanced\walking\aug913_D_zoom_1.3x_Office_video (18)_f459.png,walking
fa1_outputs\balanced\standing\Office_video (12)_f186.png,standing
fa1_outputs\balanced\fall\aug189_brightness_jitter_Coffee_room_01_video (39)_f75.png,fall
fa1_outputs\balanced\normal\Coffee_room_01_video (48)_f389.png,normal
fa1_outputs\balanced\sitting\aug611_brightness_jitter_Home_01_video (30)_f120.png,sitting
fa1_outputs\balanced\walking\aug308_D_zoom_1.3x_Home_01_video (29)_f101.png,walking
fa1_outputs\balanced\standing\Home_02_video (59)_f21.png,standing
fa1_outputs\balanced\standing\Home_01_video (13)_f90.png,standing
fa1_outputs\balanced\sitting\aug756_C_flipped_Coffee_room_02_video (55)_f80.png,sitting
fa1_outputs\balanced\walking\aug389_brightness_jitter_Home_02_video (46)_f26.png,walking
fa1_outputs\balanced\normal\aug394_B_rotated_15deg_Home_02_video (54)_f0.png,normal
fa1_outputs\balanced\standing\Home_01_video (11)_f124.png,standing
fa1_outputs\balanced\sitting\aug679_B_rotated_15deg_Office_video (3)_f175.png,sitting
fa1_outputs\balanced\normal\Home_01_video (25)_f127.png,normal
fa1_outputs\balanced\fall\aug111_B_rotated_15deg_Coffee_room_01_video (27)_f187.png,fall
fa1_outputs\balanced\sitting\aug751_brightness_jitter_Coffee_room_02_video (55)_f121.png,sitting
fa1_outputs\balanced\walking\aug625_brightness_jitter_Lecture_room_video (27)_f161.png,walking
fa1_outputs\balanced\standing\Coffee_room_01_video (26)_f0.png,standing
fa1_outputs\balanced\sitting\Office_video (33)_f319.png,sitting
fa1_outputs\balanced\standing\Office_video (29)_f763.png,standing
fa1_outputs\balanced\standing\Coffee_room_01_video (41)_f238.png,standing
fa1_outputs\balanced\fall\Home_01_video (4)_f149.png,fall
fa1_outputs\balanced\fall\aug488_C_flipped_Office_video (7)_f173.png,fall
fa1_outputs\balanced\walking\aug102_B_rotated_15deg_Home_01_video (9)_f252.png,walking
fa1_outputs\balanced\fall\aug332_C_flipped_Coffee_room_02_video (64)_f143.png,fall
fa1_outputs\balanced\fall\Coffee_room_01_video (39)_f68.png,fall
fa1_outputs\balanced\walking\aug751_C_flipped_Home_02_video (50)_f62.png,walking
fa1_outputs\balanced\standing\Home_02_video (47)_f216.png,standing
fa1_outputs\balanced\fall\Office_video (14)_f138.png,fall
fa1_outputs\balanced\sitting\aug707_D_zoom_1.3x_Coffee_room_01_video (21)_f36.png,sitting
fa1_outputs\balanced\walking\Home_02_video (56)_f324.png,walking
fa1_outputs\balanced\fall\Coffee_room_01_video (21)_f93.png,fall
fa1_outputs\balanced\standing\Home_02_video (35)_f86.png,standing
fa1_outputs\balanced\fall\Coffee_room_01_video (2)_f198.png,fall
fa1_outputs\balanced\sitting\aug712_brightness_jitter_Coffee_room_01_video (25)_f0.png,sitting
fa1_outputs\balanced\sitting\aug783_brightness_jitter_Home_01_video (27)_f0.png,sitting
fa1_outputs\balanced\normal\Home_02_video (31)_f117.png,normal
fa1_outputs\balanced\sitting\Office_video (3)_f116.png,sitting
fa1_outputs\balanced\walking\aug256_D_zoom_1.3x_Home_02_video (52)_f21.png,walking
fa1_outputs\balanced\walking\aug215_B_rotated_15deg_Coffee_room_01_video (12)_f45.png,walking
fa1_outputs\balanced\standing\Home_02_video (51)_f79.png,standing
fa1_outputs\balanced\normal\aug41_B_rotated_15deg_Coffee_room_01_video (18)_f201.png,normal
fa1_outputs\balanced\walking\Home_02_video (48)_f0.png,walking
fa1_outputs\balanced\sitting\aug355_B_rotated_15deg_Coffee_room_01_video (21)_f36.png,sitting
fa1_outputs\balanced\sitting\Coffee_room_02_video (56)_f172.png,sitting
fa1_outputs\balanced\walking\aug117_B_rotated_15deg_Home_02_video (53)_f27.png,walking
fa1_outputs\balanced\standing\Coffee_room_02_video (50)_f1172.png,standing
fa1_outputs\balanced\normal\Home_01_video (20)_f27.png,normal
fa1_outputs\balanced\sitting\aug647_brightness_jitter_Office_video (16)_f85.png,sitting
fa1_outputs\balanced\standing\Coffee_room_01_video (7)_f87.png,standing
fa1_outputs\balanced\standing\Office_video (8)_f167.png,standing
fa1_outputs\balanced\normal\Home_02_video (54)_f0.png,normal
fa1_outputs\balanced\fall\aug436_brightness_jitter_Home_02_video (37)_f129.png,fall
fa1_outputs\balanced\fall\aug101_D_zoom_1.3x_Coffee_room_01_video (25)_f157.png,fall
fa1_outputs\balanced\fall\Home_01_video (14)_f186.png,fall
fa1_outputs\balanced\fall\aug244_C_flipped_Coffee_room_01_video (7)_f108.png,fall
fa1_outputs\balanced\walking\aug72_C_flipped_Coffee_room_01_video (12)_f22.png,walking
fa1_outputs\balanced\sitting\aug363_C_flipped_Coffee_room_01_video (27)_f31.png,sitting
fa1_outputs\balanced\normal\aug40_brightness_jitter_Coffee_room_01_video (18)_f107.png,normal
fa1_outputs\balanced\fall\Coffee_room_02_video (55)_f244.png,fall
fa1_outputs\balanced\walking\aug855_C_flipped_Coffee_room_01_video (17)_f19.png,walking
fa1_outputs\balanced\sitting\aug617_C_flipped_Home_02_video (38)_f144.png,sitting
fa1_outputs\balanced\standing\Coffee_room_01_video (23)_f186.png,standing
fa1_outputs\balanced\walking\aug633_brightness_jitter_Office_video (19)_f263.png,walking
fa1_outputs\balanced\walking\Home_02_video (46)_f26.png,walking
fa1_outputs\balanced\sitting\aug62_C_flipped_Coffee_room_02_video (57)_f70.png,sitting
fa1_outputs\balanced\normal\Home_02_video (37)_f96.png,normal
fa1_outputs\balanced\normal\Home_01_video (7)_f27.png,normal
fa1_outputs\balanced\standing\Coffee_room_01_video (47)_f273.png,standing
fa1_outputs\balanced\standing\Lecture_room_video (14)_f107.png,standing
fa1_outputs\balanced\sitting\aug517_brightness_jitter_Office_video (30)_f935.png,sitting
fa1_outputs\balanced\standing\Coffee_room_01_video (23)_f77.png,standing
fa1_outputs\balanced\normal\aug264_brightness_jitter_Home_01_video (25)_f26.png,normal
fa1_outputs\balanced\normal\aug137_B_rotated_15deg_Coffee_room_01_video (8)_f206.png,normal
fa1_outputs\balanced\fall\aug517_B_rotated_15deg_Coffee_room_01_video (12)_f64.png,fall
fa1_outputs\balanced\normal\Coffee_room_01_video (19)_f85.png,normal
fa1_outputs\balanced\fall\aug530_D_zoom_1.3x_Coffee_room_01_video (15)_f56.png,fall
fa1_outputs\balanced\standing\Coffee_room_01_video (41)_f0.png,standing
fa1_outputs\balanced\normal\Lecture_room_video (9)_f116.png,normal
fa1_outputs\balanced\normal\aug241_C_flipped_Home_01_video (21)_f81.png,normal
fa1_outputs\balanced\standing\Home_02_video (43)_f126.png,standing
fa1_outputs\balanced\standing\Office_video (14)_f69.png,standing
fa1_outputs\balanced\sitting\Office_video (23)_f716.png,sitting
fa1_outputs\balanced\fall\Coffee_room_02_video (49)_f427.png,fall
fa1_outputs\balanced\fall\Coffee_room_01_video (17)_f29.png,fall
fa1_outputs\balanced\normal\Coffee_room_01_video (15)_f122.png,normal
fa1_outputs\balanced\walking\aug728_C_flipped_Home_01_video (2)_f30.png,walking
fa1_outputs\balanced\walking\aug135_D_zoom_1.3x_Office_video (18)_f612.png,walking
fa1_outputs\balanced\standing\Lecture_room_video (20)_f111.png,standing
fa1_outputs\balanced\fall\aug492_brightness_jitter_Office_video (9)_f82.png,fall
fa1_outputs\balanced\fall\Coffee_room_01_video (38)_f242.png,fall
fa1_outputs\balanced\standing\Coffee_room_01_video (40)_f140.png,standing
fa1_outputs\balanced\fall\Home_01_video (30)_f130.png,fall
fa1_outputs\balanced\normal\Coffee_room_01_video (23)_f62.png,normal
fa1_outputs\balanced\walking\aug228_brightness_jitter_Coffee_room_02_video (69)_f641.png,walking
fa1_outputs\balanced\normal\Lecture_room_video (15)_f222.png,normal
fa1_outputs\balanced\fall\Office_video (8)_f377.png,fall
fa1_outputs\balanced\normal\aug208_brightness_jitter_Home_01_video (1)_f33.png,normal
fa1_outputs\balanced\sitting\Home_01_video (23)_f144.png,sitting
fa1_outputs\balanced\fall\aug160_B_rotated_15deg_Coffee_room_01_video (34)_f337.png,fall
fa1_outputs\balanced\sitting\aug95_C_flipped_Home_02_video (45)_f162.png,sitting
fa1_outputs\balanced\fall\Office_video (7)_f151.png,fall
fa1_outputs\balanced\fall\Coffee_room_01_video (10)_f211.png,fall
fa1_outputs\balanced\sitting\aug392_B_rotated_15deg_Coffee_room_01_video (48)_f292.png,sitting
fa1_outputs\balanced\standing\Home_02_video (59)_f108.png,standing
fa1_outputs\balanced\fall\aug388_D_zoom_1.3x_Home_01_video (27)_f169.png,fall
fa1_outputs\balanced\fall\aug85_brightness_jitter_Coffee_room_01_video (20)_f363.png,fall
fa1_outputs\balanced\sitting\aug723_brightness_jitter_Coffee_room_01_video (31)_f212.png,sitting
fa1_outputs\balanced\walking\aug333_D_zoom_1.3x_Home_02_video (55)_f0.png,walking
fa1_outputs\balanced\walking\aug613_D_zoom_1.3x_Home_02_video (53)_f21.png,walking
fa1_outputs\balanced\standing\Lecture_room_video (16)_f217.png,standing
fa1_outputs\balanced\walking\aug672_brightness_jitter_Home_02_video (45)_f21.png,walking
fa1_outputs\balanced\walking\aug232_brightness_jitter_Home_01_video (20)_f129.png,walking
fa1_outputs\balanced\sitting\aug236_B_rotated_15deg_Coffee_room_02_video (57)_f140.png,sitting
fa1_outputs\balanced\sitting\aug830_brightness_jitter_Office_video (22)_f66.png,sitting
fa1_outputs\balanced\walking\aug767_B_rotated_15deg_Lecture_room_video (27)_f161.png,walking
fa1_outputs\balanced\walking\aug876_D_zoom_1.3x_Home_01_video (29)_f101.png,walking
fa1_outputs\balanced\standing\Lecture_room_video (14)_f299.png,standing
fa1_outputs\balanced\walking\aug129_brightness_jitter_Lecture_room_video (7)_f235.png,walking
fa1_outputs\balanced\walking\aug615_B_rotated_15deg_Home_02_video (54)_f43.png,walking
fa1_outputs\balanced\fall\aug223_B_rotated_15deg_Coffee_room_01_video (45)_f172.png,fall
fa1_outputs\balanced\normal\Home_01_video (23)_f150.png,normal
fa1_outputs\balanced\walking\aug536_D_zoom_1.3x_Home_02_video (49)_f78.png,walking
fa1_outputs\balanced\fall\Home_01_video (29)_f162.png,fall
fa1_outputs\balanced\sitting\aug393_D_zoom_1.3x_Coffee_room_01_video (48)_f311.png,sitting
fa1_outputs\balanced\sitting\aug351_brightness_jitter_Office_video (6)_f155.png,sitting
fa1_outputs\balanced\walking\aug88_D_zoom_1.3x_Home_01_video (11)_f273.png,walking
fa1_outputs\balanced\fall\aug266_C_flipped_Coffee_room_02_video (51)_f162.png,fall
fa1_outputs\balanced\normal\Office_video (16)_f214.png,normal
fa1_outputs\balanced\fall\aug177_brightness_jitter_Coffee_room_01_video (37)_f57.png,fall
fa1_outputs\balanced\sitting\aug417_C_flipped_Coffee_room_02_video (62)_f141.png,sitting
fa1_outputs\balanced\normal\Home_01_video (6)_f0.png,normal
fa1_outputs\balanced\walking\aug901_D_zoom_1.3x_Home_02_video (55)_f0.png,walking
fa1_outputs\balanced\standing\Coffee_room_01_video (33)_f85.png,standing
fa1_outputs\balanced\normal\aug107_C_flipped_Coffee_room_01_video (38)_f132.png,normal
fa1_outputs\balanced\fall\aug288_D_zoom_1.3x_Coffee_room_02_video (55)_f237.png,fall
fa1_outputs\balanced\walking\aug466_C_flipped_Home_02_video (50)_f273.png,walking
fa1_outputs\balanced\normal\Home_01_video (22)_f90.png,normal
fa1_outputs\balanced\normal\aug210_D_zoom_1.3x_Home_01_video (1)_f99.png,normal
fa1_outputs\balanced\standing\Coffee_room_01_video (18)_f134.png,standing
fa1_outputs\balanced\sitting\aug698_C_flipped_Office_video (33)_f319.png,sitting
fa1_outputs\balanced\normal\aug369_C_flipped_Home_02_video (44)_f31.png,normal
fa1_outputs\balanced\walking\aug643_B_rotated_15deg_Coffee_room_01_video (24)_f33.png,walking
fa1_outputs\balanced\standing\Lecture_room_video (23)_f472.png,standing
fa1_outputs\balanced\sitting\aug734_brightness_jitter_Coffee_room_01_video (34)_f51.png,sitting
fa1_outputs\balanced\fall\Coffee_room_02_video (59)_f145.png,fall
fa1_outputs\balanced\normal\aug246_B_rotated_15deg_Home_01_video (22)_f60.png,normal
fa1_outputs\balanced\fall\Coffee_room_01_video (19)_f89.png,fall
fa1_outputs\balanced\fall\Coffee_room_01_video (17)_f57.png,fall
fa1_outputs\balanced\normal\Office_video (20)_f465.png,normal
fa1_outputs\balanced\walking\aug124_C_flipped_Home_02_video (60)_f62.png,walking
fa1_outputs\balanced\standing\Home_02_video (52)_f108.png,standing
fa1_outputs\balanced\sitting\aug433_brightness_jitter_Home_01_video (29)_f33.png,sitting
fa1_outputs\balanced\normal\Home_01_video (25)_f133.png,normal
fa1_outputs\balanced\normal\aug19_brightness_jitter_Coffee_room_01_video (14)_f154.png,normal
fa1_outputs\balanced\sitting\aug221_brightness_jitter_Coffee_room_02_video (52)_f26.png,sitting
fa1_outputs\balanced\walking\aug573_C_flipped_Coffee_room_01_video (24)_f66.png,walking
fa1_outputs\balanced\standing\Coffee_room_01_video (6)_f59.png,standing
fa1_outputs\balanced\normal\Home_02_video (51)_f0.png,normal
fa1_outputs\balanced\walking\aug755_B_rotated_15deg_Home_02_video (53)_f21.png,walking
fa1_outputs\balanced\fall\Coffee_room_01_video (32)_f217.png,fall
fa1_outputs\balanced\fall\Coffee_room_01_video (17)_f47.png,fall
fa1_outputs\balanced\fall\aug362_C_flipped_Home_01_video (19)_f76.png,fall
fa1_outputs\balanced\standing\Coffee_room_02_video (66)_f178.png,standing
fa1_outputs\balanced\fall\Home_01_video (16)_f186.png,fall
fa1_outputs\balanced\normal\aug280_C_flipped_Home_01_video (29)_f67.png,normal
fa1_outputs\balanced\walking\aug947_C_flipped_Home_01_video (29)_f101.png,walking
fa1_outputs\balanced\walking\Home_01_video (11)_f273.png,walking
fa1_outputs\balanced\walking\aug163_brightness_jitter_Home_01_video (21)_f129.png,walking
fa1_outputs\balanced\sitting\aug9_B_rotated_15deg_Coffee_room_01_video (25)_f32.png,sitting
fa1_outputs\balanced\sitting\aug770_C_flipped_Coffee_room_02_video (68)_f1285.png,sitting
fa1_outputs\balanced\normal\aug101_C_flipped_Coffee_room_01_video (35)_f202.png,normal
fa1_outputs\balanced\sitting\Coffee_room_02_video (52)_f21.png,sitting
fa1_outputs\balanced\walking\aug191_brightness_jitter_Home_02_video (55)_f0.png,walking
fa1_outputs\balanced\normal\aug295_C_flipped_Home_01_video (5)_f48.png,normal
fa1_outputs\balanced\standing\Lecture_room_video (22)_f592.png,standing
fa1_outputs\balanced\sitting\aug308_D_zoom_1.3x_Office_video (24)_f165.png,sitting
fa1_outputs\balanced\standing\Home_02_video (41)_f120.png,standing
fa1_outputs\balanced\fall\Coffee_room_01_video (18)_f161.png,fall
fa1_outputs\balanced\fall\Coffee_room_02_video (53)_f275.png,fall
fa1_outputs\balanced\normal\aug338_C_flipped_Home_02_video (37)_f90.png,normal
fa1_outputs\balanced\sitting\aug528_B_rotated_15deg_Coffee_room_01_video (2)_f191.png,sitting
fa1_outputs\balanced\normal\Home_02_video (54)_f64.png,normal
fa1_outputs\balanced\fall\aug42_B_rotated_15deg_Coffee_room_01_video (16)_f141.png,fall
fa1_outputs\balanced\standing\Office_video (14)_f43.png,standing
fa1_outputs\balanced\standing\Coffee_room_02_video (63)_f74.png,standing
fa1_outputs\balanced\walking\aug955_D_zoom_1.3x_Home_02_video (37)_f0.png,walking
fa1_outputs\balanced\standing\Coffee_room_02_video (53)_f76.png,standing
fa1_outputs\balanced\sitting\aug303_brightness_jitter_Office_video (22)_f82.png,sitting
fa1_outputs\balanced\walking\aug177_brightness_jitter_Home_02_video (47)_f252.png,walking
fa1_outputs\balanced\sitting\aug585_brightness_jitter_Coffee_room_02_video (56)_f86.png,sitting
fa1_outputs\balanced\sitting\aug865_brightness_jitter_Office_video (30)_f623.png,sitting
fa1_outputs\balanced\standing\Home_01_video (7)_f81.png,standing
fa1_outputs\balanced\standing\Coffee_room_01_video (23)_f38.png,standing
fa1_outputs\balanced\sitting\aug122_B_rotated_15deg_Office_video (19)_f123.png,sitting
fa1_outputs\balanced\standing\Coffee_room_02_video (50)_f977.png,standing
fa1_outputs\balanced\standing\Home_02_video (43)_f105.png,standing
fa1_outputs\balanced\walking\aug512_brightness_jitter_Coffee_room_02_video (69)_f641.png,walking
fa1_outputs\balanced\standing\Home_02_video (58)_f168.png,standing
fa1_outputs\balanced\normal\Coffee_room_01_video (8)_f206.png,normal
fa1_outputs\balanced\normal\Office_video (12)_f111.png,normal
fa1_outputs\balanced\normal\aug370_C_flipped_Home_02_video (44)_f39.png,normal
fa1_outputs\balanced\normal\Home_02_video (59)_f189.png,normal
fa1_outputs\balanced\standing\Coffee_room_02_video (69)_f320.png,standing
fa1_outputs\balanced\normal\Office_video (20)_f332.png,normal
fa1_outputs\balanced\standing\Home_02_video (47)_f180.png,standing
fa1_outputs\balanced\fall\aug13_B_rotated_15deg_Coffee_room_01_video (10)_f226.png,fall
fa1_outputs\balanced\sitting\aug15_C_flipped_Coffee_room_01_video (28)_f21.png,sitting
fa1_outputs\balanced\fall\Coffee_room_02_video (49)_f433.png,fall
fa1_outputs\balanced\standing\Coffee_room_01_video (23)_f194.png,standing
fa1_outputs\balanced\sitting\aug253_C_flipped_Home_01_video (26)_f43.png,sitting
fa1_outputs\balanced\sitting\aug671_C_flipped_Office_video (27)_f486.png,sitting
fa1_outputs\balanced\normal\Coffee_room_01_video (22)_f171.png,normal
fa1_outputs\balanced\walking\aug220_B_rotated_15deg_Coffee_room_01_video (38)_f0.png,walking
fa1_outputs\balanced\normal\aug402_B_rotated_15deg_Home_02_video (55)_f172.png,normal
fa1_outputs\balanced\fall\aug525_C_flipped_Coffee_room_01_video (14)_f70.png,fall
fa1_outputs\balanced\sitting\aug501_C_flipped_Office_video (3)_f116.png,sitting
fa1_outputs\balanced\fall\aug454_C_flipped_Lecture_room_video (5)_f311.png,fall
fa1_outputs\balanced\normal\aug261_B_rotated_15deg_Home_01_video (25)_f127.png,normal
fa1_outputs\balanced\normal\aug172_C_flipped_Coffee_room_02_video (59)_f200.png,normal
fa1_outputs\balanced\standing\Office_video (2)_f129.png,standing
fa1_outputs\balanced\walking\aug586_B_rotated_15deg_Home_01_video (2)_f30.png,walking
fa1_outputs\balanced\sitting\aug26_B_rotated_15deg_Coffee_room_01_video (34)_f155.png,sitting
fa1_outputs\balanced\walking\aug879_brightness_jitter_Home_01_video (30)_f0.png,walking
fa1_outputs\balanced\fall\aug38_B_rotated_15deg_Coffee_room_01_video (15)_f60.png,fall
fa1_outputs\balanced\sitting\aug545_D_zoom_1.3x_Coffee_room_01_video (31)_f0.png,sitting
fa1_outputs\balanced\walking\aug288_D_zoom_1.3x_Coffee_room_01_video (24)_f33.png,walking
fa1_outputs\balanced\walking\aug852_D_zoom_1.3x_Coffee_room_01_video (11)_f289.png,walking
fa1_outputs\balanced\standing\Lecture_room_video (18)_f263.png,standing
fa1_outputs\balanced\fall\Coffee_room_01_video (40)_f259.png,fall
fa1_outputs\balanced\standing\Home_02_video (38)_f38.png,standing
fa1_outputs\balanced\fall\aug476_brightness_jitter_Office_video (2)_f181.png,fall
fa1_outputs\balanced\standing\Coffee_room_02_video (53)_f143.png,standing
fa1_outputs\balanced\walking\aug652_D_zoom_1.3x_Coffee_room_02_video (60)_f0.png,walking
fa1_outputs\balanced\walking\aug641_brightness_jitter_Coffee_room_01_video (12)_f45.png,walking
fa1_outputs\balanced\walking\aug912_D_zoom_1.3x_Office_video (15)_f39.png,walking
fa1_outputs\balanced\standing\Coffee_room_01_video (6)_f89.png,standing
fa1_outputs\balanced\normal\Office_video (6)_f124.png,normal
fa1_outputs\balanced\walking\aug561_D_zoom_1.3x_Office_video (18)_f612.png,walking
fa1_outputs\balanced\fall\Coffee_room_01_video (38)_f248.png,fall
fa1_outputs\balanced\walking\aug677_brightness_jitter_Home_02_video (49)_f62.png,walking
fa1_outputs\balanced\walking\aug793_B_rotated_15deg_Coffee_room_02_video (58)_f38.png,walking
fa1_outputs\balanced\walking\aug359_C_flipped_Coffee_room_01_video (24)_f33.png,walking
fa1_outputs\balanced\walking\aug870_C_flipped_Home_01_video (2)_f30.png,walking
fa1_outputs\balanced\fall\aug235_C_flipped_Coffee_room_01_video (5)_f137.png,fall
fa1_outputs\balanced\sitting\aug186_D_zoom_1.3x_Coffee_room_01_video (27)_f0.png,sitting
fa1_outputs\balanced\walking\aug197_D_zoom_1.3x_Lecture_room_video (12)_f421.png,walking
fa1_outputs\balanced\standing\Office_video (10)_f107.png,standing
fa1_outputs\balanced\sitting\aug863_D_zoom_1.3x_Office_video (30)_f467.png,sitting
fa1_outputs\balanced\sitting\Coffee_room_01_video (2)_f191.png,sitting
fa1_outputs\balanced\normal\aug276_C_flipped_Home_01_video (28)_f27.png,normal
fa1_outputs\balanced\standing\Home_02_video (49)_f117.png,standing
fa1_outputs\balanced\sitting\aug848_brightness_jitter_Office_video (27)_f506.png,sitting
fa1_outputs\balanced\standing\Home_02_video (46)_f184.png,standing
fa1_outputs\balanced\sitting\aug18_C_flipped_Coffee_room_01_video (31)_f198.png,sitting
fa1_outputs\balanced\fall\Home_01_video (2)_f124.png,fall
fa1_outputs\balanced\sitting\Lecture_room_video (19)_f409.png,sitting
fa1_outputs\balanced\normal\Home_01_video (9)_f210.png,normal
fa1_outputs\balanced\normal\Office_video (12)_f59.png,normal
fa1_outputs\balanced\normal\aug88_D_zoom_1.3x_Coffee_room_01_video (32)_f266.png,normal
fa1_outputs\balanced\standing\Coffee_room_01_video (16)_f44.png,standing
fa1_outputs\balanced\normal\aug28_C_flipped_Coffee_room_01_video (15)_f84.png,normal
fa1_outputs\balanced\fall\Home_01_video (9)_f152.png,fall
fa1_outputs\balanced\sitting\aug202_D_zoom_1.3x_Coffee_room_01_video (34)_f155.png,sitting
fa1_outputs\balanced\standing\Coffee_room_02_video (63)_f357.png,standing
fa1_outputs\balanced\sitting\aug519_brightness_jitter_Office_video (32)_f272.png,sitting
fa1_outputs\balanced\walking\aug936_B_rotated_15deg_Coffee_room_02_video (60)_f0.png,walking
fa1_outputs\balanced\fall\Coffee_room_01_video (16)_f46.png,fall
fa1_outputs\balanced\fall\aug331_brightness_jitter_Coffee_room_02_video (64)_f137.png,fall
fa1_outputs\balanced\fall\aug86_brightness_jitter_Coffee_room_01_video (20)_f375.png,fall
fa1_outputs\balanced\normal\Coffee_room_02_video (62)_f0.png,normal
fa1_outputs\balanced\normal\Lecture_room_video (14)_f374.png,normal
fa1_outputs\balanced\standing\Home_02_video (40)_f216.png,standing
fa1_outputs\balanced\standing\Lecture_room_video (26)_f893.png,standing
fa1_outputs\balanced\normal\aug218_C_flipped_Home_01_video (17)_f60.png,normal
fa1_outputs\balanced\normal\aug178_C_flipped_Coffee_room_02_video (61)_f1149.png,normal
fa1_outputs\balanced\sitting\aug381_D_zoom_1.3x_Coffee_room_01_video (34)_f259.png,sitting
fa1_outputs\balanced\standing\Lecture_room_video (24)_f1261.png,standing
fa1_outputs\balanced\normal\aug345_B_rotated_15deg_Home_02_video (38)_f172.png,normal
fa1_outputs\balanced\walking\aug0_brightness_jitter_Coffee_room_01_video (11)_f289.png,walking
fa1_outputs\balanced\sitting\aug263_D_zoom_1.3x_Home_02_video (34)_f30.png,sitting
fa1_outputs\balanced\normal\aug266_B_rotated_15deg_Home_01_video (25)_f53.png,normal
fa1_outputs\balanced\standing\Lecture_room_video (18)_f131.png,standing
fa1_outputs\balanced\standing\Home_01_video (9)_f126.png,standing
fa1_outputs\balanced\fall\Home_02_video (37)_f132.png,fall
fa1_outputs\balanced\sitting\aug793_B_rotated_15deg_Home_02_video (38)_f144.png,sitting
fa1_outputs\balanced\walking\aug964_B_rotated_15deg_Home_02_video (50)_f62.png,walking
fa1_outputs\balanced\normal\Home_02_video (38)_f168.png,normal
fa1_outputs\balanced\standing\Office_video (29)_f457.png,standing
fa1_outputs\balanced\normal\Coffee_room_01_video (45)_f188.png,normal
fa1_outputs\balanced\walking\aug219_D_zoom_1.3x_Coffee_room_01_video (30)_f54.png,walking
fa1_outputs\balanced\walking\aug763_C_flipped_Home_02_video (60)_f62.png,walking
fa1_outputs\balanced\standing\Coffee_room_02_video (59)_f125.png,standing
fa1_outputs\balanced\standing\Home_02_video (56)_f180.png,standing
fa1_outputs\balanced\standing\Coffee_room_02_video (51)_f40.png,standing
fa1_outputs\balanced\normal\Home_02_video (33)_f120.png,normal
fa1_outputs\balanced\fall\aug163_C_flipped_Coffee_room_01_video (34)_f357.png,fall
fa1_outputs\balanced\normal\aug340_brightness_jitter_Home_02_video (38)_f115.png,normal
fa1_outputs\balanced\walking\aug813_D_zoom_1.3x_Home_02_video (37)_f0.png,walking
fa1_outputs\balanced\walking\aug461_C_flipped_Home_02_video (47)_f252.png,walking
fa1_outputs\balanced\normal\aug320_brightness_jitter_Home_02_video (32)_f48.png,normal
fa1_outputs\balanced\standing\Coffee_room_02_video (50)_f1221.png,standing
fa1_outputs\balanced\sitting\aug247_D_zoom_1.3x_Home_01_video (16)_f66.png,sitting
fa1_outputs\balanced\standing\Home_02_video (44)_f117.png,standing
fa1_outputs\balanced\fall\Coffee_room_02_video (60)_f157.png,fall
fa1_outputs\balanced\normal\aug392_D_zoom_1.3x_Home_02_video (53)_f0.png,normal
fa1_outputs\balanced\standing\Office_video (13)_f198.png,standing
fa1_outputs\balanced\normal\Office_video (3)_f350.png,normal
fa1_outputs\balanced\walking\aug91_brightness_jitter_Home_01_video (20)_f135.png,walking
fa1_outputs\balanced\standing\Home_01_video (28)_f135.png,standing
fa1_outputs\balanced\walking\aug969_B_rotated_15deg_Home_02_video (53)_f27.png,walking
fa1_outputs\balanced\sitting\aug720_D_zoom_1.3x_Coffee_room_01_video (30)_f126.png,sitting
fa1_outputs\balanced\fall\aug127_C_flipped_Coffee_room_01_video (3)_f251.png,fall
fa1_outputs\balanced\standing\Lecture_room_video (24)_f144.png,standing
fa1_outputs\balanced\walking\aug692_D_zoom_1.3x_Home_02_video (60)_f62.png,walking
fa1_outputs\balanced\standing\Office_video (25)_f741.png,standing
fa1_outputs\balanced\walking\aug153_brightness_jitter_Coffee_room_01_video (5)_f36.png,walking
fa1_outputs\balanced\normal\Office_video (7)_f43.png,normal
fa1_outputs\balanced\standing\Lecture_room_video (20)_f0.png,standing
fa1_outputs\balanced\sitting\aug609_C_flipped_Home_01_video (29)_f33.png,sitting
fa1_outputs\balanced\sitting\aug295_brightness_jitter_Office_video (16)_f85.png,sitting
fa1_outputs\balanced\walking\aug626_B_rotated_15deg_Lecture_room_video (7)_f235.png,walking
fa1_outputs\balanced\fall\aug83_C_flipped_Coffee_room_01_video (20)_f352.png,fall
fa1_outputs\balanced\normal\Office_video (33)_f399.png,normal
fa1_outputs\balanced\fall\Coffee_room_01_video (28)_f65.png,fall
fa1_outputs\balanced\sitting\aug411_B_rotated_15deg_Coffee_room_02_video (57)_f112.png,sitting
fa1_outputs\balanced\normal\Coffee_room_02_video (66)_f119.png,normal
fa1_outputs\balanced\walking\aug19_brightness_jitter_Home_01_video (20)_f129.png,walking
fa1_outputs\balanced\standing\Coffee_room_01_video (40)_f70.png,standing
fa1_outputs\balanced\walking\Home_02_video (49)_f273.png,walking
fa1_outputs\balanced\fall\aug128_B_rotated_15deg_Coffee_room_01_video (3)_f261.png,fall
fa1_outputs\balanced\standing\Coffee_room_02_video (63)_f119.png,standing
fa1_outputs\balanced\normal\aug80_C_flipped_Coffee_room_01_video (30)_f0.png,normal
fa1_outputs\balanced\sitting\aug780_C_flipped_Home_01_video (26)_f27.png,sitting
fa1_outputs\balanced\normal\Home_02_video (42)_f100.png,normal
fa1_outputs\balanced\walking\aug895_B_rotated_15deg_Home_02_video (52)_f21.png,walking
fa1_outputs\balanced\standing\Home_01_video (2)_f96.png,standing
fa1_outputs\balanced\normal\aug337_C_flipped_Home_02_video (37)_f60.png,normal
fa1_outputs\balanced\walking\aug35_B_rotated_15deg_Home_02_video (47)_f252.png,walking
fa1_outputs\balanced\sitting\aug426_brightness_jitter_Home_01_video (23)_f144.png,sitting
fa1_outputs\balanced\sitting\aug553_B_rotated_15deg_Coffee_room_01_video (34)_f103.png,sitting
fa1_outputs\balanced\sitting\aug312_brightness_jitter_Office_video (24)_f331.png,sitting
fa1_outputs\balanced\standing\Lecture_room_video (20)_f59.png,standing
fa1_outputs\balanced\fall\aug108_brightness_jitter_Coffee_room_01_video (27)_f151.png,fall
fa1_outputs\balanced\walking\aug862_B_rotated_15deg_Coffee_room_01_video (38)_f88.png,walking
fa1_outputs\balanced\fall\Coffee_room_02_video (64)_f162.png,fall
fa1_outputs\balanced\fall\Home_01_video (22)_f144.png,fall
fa1_outputs\balanced\normal\Home_02_video (44)_f31.png,normal
fa1_outputs\balanced\fall\aug167_C_flipped_Coffee_room_01_video (35)_f74.png,fall
fa1_outputs\balanced\standing\Home_02_video (54)_f194.png,standing
fa1_outputs\balanced\standing\Home_02_video (45)_f27.png,standing
fa1_outputs\balanced\walking\aug715_D_zoom_1.3x_Coffee_room_01_video (24)_f66.png,walking
fa1_outputs\balanced\walking\aug939_D_zoom_1.3x_Coffee_room_02_video (70)_f167.png,walking
fa1_outputs\balanced\normal\Office_video (21)_f385.png,normal
fa1_outputs\balanced\normal\Home_02_video (39)_f153.png,normal
fa1_outputs\balanced\fall\Home_01_video (28)_f172.png,fall
fa1_outputs\balanced\standing\Coffee_room_02_video (52)_f53.png,standing
fa1_outputs\balanced\fall\aug199_B_rotated_15deg_Coffee_room_01_video (40)_f283.png,fall
fa1_outputs\balanced\normal\aug223_brightness_jitter_Home_01_video (19)_f24.png,normal
fa1_outputs\balanced\fall\Coffee_room_01_video (3)_f232.png,fall
fa1_outputs\balanced\normal\Office_video (33)_f383.png,normal
fa1_outputs\balanced\normal\Office_video (4)_f40.png,normal
fa1_outputs\balanced\fall\Coffee_room_01_video (32)_f206.png,fall
fa1_outputs\balanced\sitting\aug622_brightness_jitter_Home_02_video (45)_f151.png,sitting
fa1_outputs\balanced\standing\Office_video (31)_f76.png,standing
fa1_outputs\balanced\standing\Home_02_video (39)_f48.png,standing
fa1_outputs\balanced\standing\Office_video (10)_f80.png,standing
fa1_outputs\balanced\walking\aug861_brightness_jitter_Coffee_room_01_video (38)_f70.png,walking
fa1_outputs\balanced\standing\Home_02_video (45)_f86.png,standing
fa1_outputs\balanced\walking\aug431_brightness_jitter_Coffee_room_01_video (24)_f66.png,walking
fa1_outputs\balanced\fall\Coffee_room_01_video (18)_f215.png,fall
fa1_outputs\balanced\walking\aug571_B_rotated_15deg_Coffee_room_01_video (17)_f19.png,walking
fa1_outputs\balanced\standing\Home_02_video (44)_f125.png,standing
fa1_outputs\balanced\normal\aug5_C_flipped_Coffee_room_01_video (10)_f316.png,normal
fa1_outputs\balanced\standing\Coffee_room_02_video (66)_f208.png,standing
fa1_outputs\balanced\fall\aug106_B_rotated_15deg_Coffee_room_01_video (25)_f209.png,fall
fa1_outputs\balanced\fall\aug124_B_rotated_15deg_Coffee_room_01_video (3)_f232.png,fall
fa1_outputs\balanced\walking\aug203_B_rotated_15deg_Office_video (18)_f459.png,walking
fa1_outputs\balanced\fall\aug172_C_flipped_Coffee_room_01_video (36)_f1095.png,fall
fa1_outputs\balanced\normal\aug284_C_flipped_Home_01_video (3)_f90.png,normal
fa1_outputs\balanced\standing\Lecture_room_video (19)_f613.png,standing
fa1_outputs\balanced\sitting\aug474_B_rotated_15deg_Office_video (19)_f123.png,sitting
fa1_outputs\balanced\normal\Coffee_room_01_video (8)_f129.png,normal
fa1_outputs\balanced\standing\Lecture_room_video (20)_f74.png,standing
fa1_outputs\balanced\sitting\Home_02_video (31)_f195.png,sitting
fa1_outputs\balanced\normal\aug354_B_rotated_15deg_Home_02_video (39)_f72.png,normal
fa1_outputs\balanced\walking\aug689_B_rotated_15deg_Home_02_video (55)_f162.png,walking
fa1_outputs\balanced\standing\Lecture_room_video (19)_f715.png,standing
fa1_outputs\balanced\standing\Office_video (20)_f106.png,standing
fa1_outputs\balanced\walking\aug209_C_flipped_Office_video (20)_f212.png,walking
fa1_outputs\balanced\standing\Home_01_video (8)_f35.png,standing
fa1_outputs\balanced\standing\Home_02_video (57)_f90.png,standing
fa1_outputs\balanced\sitting\aug524_brightness_jitter_Office_video (4)_f128.png,sitting
fa1_outputs\balanced\walking\aug369_D_zoom_1.3x_Coffee_room_02_video (60)_f55.png,walking
fa1_outputs\balanced\standing\Office_video (26)_f99.png,standing
fa1_outputs\balanced\normal\Home_01_video (19)_f96.png,normal
fa1_outputs\balanced\standing\Lecture_room_video (21)_f678.png,standing
fa1_outputs\balanced\sitting\Coffee_room_01_video (31)_f212.png,sitting
fa1_outputs\balanced\fall\aug173_B_rotated_15deg_Coffee_room_01_video (36)_f1102.png,fall
fa1_outputs\balanced\sitting\aug158_D_zoom_1.3x_Office_video (3)_f93.png,sitting
fa1_outputs\balanced\sitting\aug575_brightness_jitter_Coffee_room_02_video (55)_f121.png,sitting
fa1_outputs\balanced\fall\aug7_brightness_jitter_Coffee_room_01_video (1)_f78.png,fall
fa1_outputs\balanced\fall\Home_01_video (8)_f132.png,fall
fa1_outputs\balanced\sitting\aug92_D_zoom_1.3x_Home_02_video (44)_f274.png,sitting
fa1_outputs\balanced\walking\aug187_D_zoom_1.3x_Home_02_video (53)_f21.png,walking
fa1_outputs\balanced\fall\aug408_B_rotated_15deg_Home_01_video (4)_f149.png,fall
fa1_outputs\balanced\sitting\aug271_brightness_jitter_Home_02_video (45)_f162.png,sitting
fa1_outputs\balanced\walking\aug653_C_flipped_Coffee_room_02_video (60)_f55.png,walking
fa1_outputs\balanced\walking\aug110_C_flipped_Home_02_video (49)_f78.png,walking
fa1_outputs\balanced\walking\aug701_brightness_jitter_Office_video (18)_f478.png,walking
fa1_outputs\balanced\standing\Home_02_video (50)_f124.png,standing
fa1_outputs\balanced\fall\Coffee_room_02_video (55)_f223.png,fall
fa1_outputs\balanced\sitting\aug322_B_rotated_15deg_Office_video (27)_f608.png,sitting
fa1_outputs\balanced\walking\aug888_C_flipped_Home_02_video (48)_f0.png,walking
fa1_outputs\balanced\normal\Coffee_room_02_video (59)_f219.png,normal
fa1_outputs\balanced\sitting\aug445_D_zoom_1.3x_Home_02_video (44)_f282.png,sitting
fa1_outputs\balanced\standing\Lecture_room_video (6)_f71.png,standing
fa1_outputs\balanced\normal\Coffee_room_01_video (35)_f115.png,normal
fa1_outputs\balanced\sitting\aug782_D_zoom_1.3x_Home_01_video (26)_f54.png,sitting
fa1_outputs\balanced\fall\Coffee_room_01_video (10)_f224.png,fall
fa1_outputs\balanced\sitting\Office_video (3)_f46.png,sitting
fa1_outputs\balanced\normal\Home_02_video (35)_f43.png,normal
fa1_outputs\balanced\standing\Coffee_room_02_video (59)_f0.png,standing
fa1_outputs\balanced\sitting\aug825_brightness_jitter_Office_video (18)_f536.png,sitting
fa1_outputs\balanced\walking\aug14_C_flipped_Coffee_room_02_video (60)_f55.png,walking
fa1_outputs\balanced\standing\Office_video (22)_f176.png,standing
fa1_outputs\balanced\sitting\Coffee_room_01_video (34)_f166.png,sitting
fa1_outputs\balanced\standing\Home_02_video (45)_f43.png,standing
fa1_outputs\balanced\standing\Home_02_video (43)_f50.png,standing
fa1_outputs\balanced\normal\Coffee_room_01_video (10)_f316.png,normal
fa1_outputs\balanced\standing\Coffee_room_01_video (26)_f173.png,standing
fa1_outputs\balanced\standing\Coffee_room_02_video (57)_f422.png,standing
fa1_outputs\balanced\fall\Coffee_room_01_video (2)_f212.png,fall
fa1_outputs\balanced\sitting\Office_video (3)_f186.png,sitting
fa1_outputs\balanced\fall\Coffee_room_01_video (40)_f283.png,fall
fa1_outputs\balanced\sitting\Office_video (30)_f935.png,sitting
fa1_outputs\balanced\walking\aug227_C_flipped_Coffee_room_02_video (60)_f55.png,walking
fa1_outputs\balanced\fall\Coffee_room_01_video (19)_f129.png,fall
fa1_outputs\balanced\sitting\aug581_C_flipped_Coffee_room_02_video (56)_f107.png,sitting
fa1_outputs\balanced\sitting\aug270_brightness_jitter_Home_02_video (45)_f151.png,sitting
fa1_outputs\balanced\standing\Coffee_room_01_video (48)_f155.png,standing
fa1_outputs\balanced\standing\Coffee_room_01_video (20)_f266.png,standing
fa1_outputs\balanced\sitting\Home_01_video (26)_f54.png,sitting
fa1_outputs\balanced\fall\Home_02_video (31)_f208.png,fall
fa1_outputs\balanced\walking\aug505_D_zoom_1.3x_Coffee_room_01_video (38)_f140.png,walking
fa1_outputs\balanced\walking\Office_video (19)_f41.png,walking
fa1_outputs\balanced\fall\Coffee_room_01_video (11)_f382.png,fall
fa1_outputs\balanced\normal\Home_02_video (46)_f0.png,normal
fa1_outputs\balanced\standing\Office_video (28)_f202.png,standing
fa1_outputs\balanced\standing\Coffee_room_01_video (10)_f181.png,standing
fa1_outputs\balanced\normal\Office_video (8)_f366.png,normal
fa1_outputs\balanced\walking\aug282_D_zoom_1.3x_Office_video (33)_f159.png,walking
fa1_outputs\balanced\standing\Office_video (13)_f297.png,standing
fa1_outputs\balanced\fall\Coffee_room_02_video (54)_f157.png,fall
fa1_outputs\balanced\fall\aug112_D_zoom_1.3x_Coffee_room_01_video (27)_f189.png,fall
fa1_outputs\balanced\fall\aug246_C_flipped_Coffee_room_01_video (7)_f126.png,fall
fa1_outputs\balanced\walking\aug758_B_rotated_15deg_Home_02_video (54)_f54.png,walking
fa1_outputs\balanced\sitting\aug736_D_zoom_1.3x_Coffee_room_01_video (40)_f0.png,sitting
fa1_outputs\balanced\normal\aug189_D_zoom_1.3x_Coffee_room_02_video (64)_f185.png,normal
fa1_outputs\balanced\sitting\aug415_brightness_jitter_Coffee_room_02_video (62)_f105.png,sitting
fa1_outputs\balanced\standing\Coffee_room_02_video (64)_f26.png,standing
fa1_outputs\balanced\standing\Office_video (32)_f108.png,standing
fa1_outputs\balanced\sitting\aug81_B_rotated_15deg_Home_01_video (29)_f33.png,sitting
fa1_outputs\balanced\standing\Office_video (18)_f229.png,standing
fa1_outputs\balanced\walking\aug795_B_rotated_15deg_Coffee_room_02_video (60)_f55.png,walking
fa1_outputs\balanced\sitting\aug274_D_zoom_1.3x_Home_02_video (45)_f194.png,sitting
fa1_outputs\balanced\normal\aug156_B_rotated_15deg_Coffee_room_02_video (52)_f134.png,normal
fa1_outputs\balanced\normal\Office_video (32)_f380.png,normal
fa1_outputs\balanced\normal\Home_02_video (44)_f251.png,normal
fa1_outputs\balanced\walking\aug293_D_zoom_1.3x_Coffee_room_01_video (38)_f70.png,walking
fa1_outputs\balanced\fall\Coffee_room_02_video (61)_f1182.png,fall
fa1_outputs\balanced\standing\Home_02_video (60)_f117.png,standing
fa1_outputs\balanced\sitting\aug35_D_zoom_1.3x_Coffee_room_01_video (42)_f31.png,sitting
fa1_outputs\balanced\sitting\aug842_brightness_jitter_Office_video (24)_f82.png,sitting
fa1_outputs\balanced\standing\Home_01_video (14)_f172.png,standing
fa1_outputs\balanced\walking\aug145_C_flipped_Coffee_room_01_video (17)_f19.png,walking
fa1_outputs\balanced\sitting\aug257_B_rotated_15deg_Home_01_video (29)_f33.png,sitting
fa1_outputs\balanced\fall\aug137_C_flipped_Coffee_room_01_video (31)_f162.png,fall
fa1_outputs\balanced\standing\Coffee_room_01_video (41)_f191.png,standing
fa1_outputs\balanced\walking\aug869_D_zoom_1.3x_Home_01_video (11)_f273.png,walking
fa1_outputs\balanced\standing\Home_02_video (52)_f81.png,standing
fa1_outputs\balanced\standing\Coffee_room_02_video (67)_f277.png,standing
fa1_outputs\balanced\walking\aug144_C_flipped_Coffee_room_01_video (12)_f45.png,walking
fa1_outputs\balanced\fall\aug468_brightness_jitter_Office_video (14)_f155.png,fall
fa1_outputs\balanced\standing\Lecture_room_video (2)_f126.png,standing
fa1_outputs\balanced\normal\Lecture_room_video (10)_f345.png,normal
fa1_outputs\balanced\normal\Coffee_room_01_video (32)_f266.png,normal
fa1_outputs\balanced\fall\Office_video (6)_f373.png,fall
fa1_outputs\balanced\normal\aug66_D_zoom_1.3x_Coffee_room_01_video (24)_f53.png,normal
fa1_outputs\balanced\sitting\aug210_C_flipped_Coffee_room_01_video (42)_f19.png,sitting
fa1_outputs\balanced\fall\Coffee_room_01_video (17)_f94.png,fall
fa1_outputs\balanced\sitting\Coffee_room_02_video (70)_f0.png,sitting
fa1_outputs\balanced\sitting\aug657_C_flipped_Office_video (23)_f429.png,sitting
fa1_outputs\balanced\normal\Home_02_video (37)_f210.png,normal
fa1_outputs\balanced\standing\Coffee_room_01_video (36)_f481.png,standing
fa1_outputs\balanced\walking\aug221_brightness_jitter_Coffee_room_01_video (38)_f140.png,walking
fa1_outputs\balanced\sitting\aug348_C_flipped_Office_video (4)_f128.png,sitting
fa1_outputs\balanced\normal\aug234_D_zoom_1.3x_Home_01_video (20)_f54.png,normal
fa1_outputs\balanced\fall\aug422_B_rotated_15deg_Home_01_video (9)_f152.png,fall
fa1_outputs\balanced\sitting\aug389_B_rotated_15deg_Coffee_room_01_video (43)_f0.png,sitting
fa1_outputs\balanced\sitting\aug443_D_zoom_1.3x_Home_02_video (41)_f216.png,sitting
fa1_outputs\balanced\fall\Home_02_video (32)_f76.png,fall
fa1_outputs\balanced\walking\Office_video (19)_f263.png,walking
fa1_outputs\balanced\walking\aug262_B_rotated_15deg_Home_02_video (55)_f0.png,walking
fa1_outputs\balanced\fall\aug433_D_zoom_1.3x_Home_02_video (32)_f76.png,fall
fa1_outputs\balanced\fall\aug10_B_rotated_15deg_Coffee_room_01_video (10)_f211.png,fall
fa1_outputs\balanced\standing\Lecture_room_video (4)_f241.png,standing
fa1_outputs\balanced\standing\Lecture_room_video (26)_f178.png,standing
fa1_outputs\balanced\walking\aug796_C_flipped_Coffee_room_02_video (69)_f641.png,walking
fa1_outputs\balanced\fall\Coffee_room_01_video (34)_f357.png,fall
fa1_outputs\balanced\normal\aug114_B_rotated_15deg_Coffee_room_01_video (4)_f25.png,normal
fa1_outputs\balanced\normal\Office_video (15)_f63.png,normal
fa1_outputs\balanced\normal\aug314_B_rotated_15deg_Home_02_video (31)_f156.png,normal
fa1_outputs\balanced\standing\Coffee_room_02_video (69)_f128.png,standing
fa1_outputs\balanced\walking\aug753_C_flipped_Home_02_video (52)_f21.png,walking
fa1_outputs\balanced\sitting\Coffee_room_02_video (57)_f140.png,sitting
fa1_outputs\balanced\normal\aug358_C_flipped_Home_02_video (41)_f180.png,normal
fa1_outputs\balanced\walking\aug783_brightness_jitter_Coffee_room_01_video (12)_f45.png,walking
fa1_outputs\balanced\standing\Office_video (23)_f802.png,standing
fa1_outputs\balanced\sitting\aug731_brightness_jitter_Coffee_room_01_video (34)_f166.png,sitting
fa1_outputs\balanced\standing\Home_02_video (55)_f81.png,standing
fa1_outputs\balanced\sitting\Coffee_room_01_video (22)_f57.png,sitting
fa1_outputs\balanced\standing\Home_01_video (27)_f150.png,standing
fa1_outputs\balanced\walking\aug468_D_zoom_1.3x_Home_02_video (50)_f78.png,walking
fa1_outputs\balanced\normal\aug274_C_flipped_Home_01_video (27)_f90.png,normal
fa1_outputs\balanced\normal\Lecture_room_video (11)_f145.png,normal
fa1_outputs\balanced\standing\Coffee_room_01_video (36)_f751.png,standing
fa1_outputs\balanced\standing\Coffee_room_02_video (61)_f985.png,standing
fa1_outputs\balanced\sitting\aug520_D_zoom_1.3x_Office_video (33)_f239.png,sitting
fa1_outputs\balanced\sitting\aug739_brightness_jitter_Coffee_room_01_video (42)_f31.png,sitting
fa1_outputs\balanced\sitting\Home_02_video (52)_f0.png,sitting
fa1_outputs\balanced\walking\aug77_D_zoom_1.3x_Coffee_room_01_video (30)_f54.png,walking
fa1_outputs\balanced\fall\aug195_C_flipped_Coffee_room_01_video (40)_f262.png,fall
fa1_outputs\balanced\sitting\aug231_D_zoom_1.3x_Coffee_room_02_video (56)_f172.png,sitting
fa1_outputs\balanced\normal\aug170_D_zoom_1.3x_Coffee_room_02_video (58)_f272.png,normal
fa1_outputs\balanced\walking\aug2_brightness_jitter_Coffee_room_01_video (12)_f45.png,walking
fa1_outputs\balanced\normal\Lecture_room_video (6)_f213.png,normal
fa1_outputs\balanced\standing\Office_video (5)_f119.png,standing
fa1_outputs\balanced\standing\Coffee_room_01_video (24)_f100.png,standing
fa1_outputs\balanced\sitting\aug814_C_flipped_Lecture_room_video (19)_f409.png,sitting
fa1_outputs\balanced\fall\aug472_brightness_jitter_Office_video (16)_f299.png,fall
fa1_outputs\balanced\sitting\aug849_B_rotated_15deg_Office_video (27)_f567.png,sitting
fa1_outputs\balanced\normal\aug195_D_zoom_1.3x_Coffee_room_02_video (67)_f312.png,normal
fa1_outputs\balanced\normal\Home_01_video (24)_f120.png,normal
fa1_outputs\balanced\standing\Home_02_video (38)_f57.png,standing
fa1_outputs\balanced\standing\Lecture_room_video (5)_f233.png,standing
fa1_outputs\balanced\normal\aug113_brightness_jitter_Coffee_room_01_video (39)_f98.png,normal
fa1_outputs\balanced\sitting\Lecture_room_video (18)_f420.png,sitting
fa1_outputs\balanced\walking\aug937_B_rotated_15deg_Coffee_room_02_video (60)_f55.png,walking
fa1_outputs\balanced\normal\aug84_brightness_jitter_Coffee_room_01_video (30)_f29.png,normal
fa1_outputs\balanced\walking\aug798_brightness_jitter_Home_01_video (11)_f273.png,walking
fa1_outputs\balanced\normal\Coffee_room_02_video (56)_f377.png,normal
fa1_outputs\balanced\sitting\aug683_brightness_jitter_Office_video (3)_f291.png,sitting
fa1_outputs\balanced\fall\Coffee_room_02_video (57)_f450.png,fall
fa1_outputs\balanced\standing\Coffee_room_01_video (24)_f160.png,standing
fa1_outputs\balanced\fall\Coffee_room_01_video (19)_f127.png,fall
fa1_outputs\balanced\normal\aug176_B_rotated_15deg_Coffee_room_02_video (60)_f240.png,normal
fa1_outputs\balanced\walking\aug897_D_zoom_1.3x_Home_02_video (53)_f21.png,walking
fa1_outputs\balanced\sitting\aug607_B_rotated_15deg_Home_01_video (27)_f0.png,sitting
fa1_outputs\balanced\walking\aug87_B_rotated_15deg_Coffee_room_02_video (70)_f167.png,walking
fa1_outputs\balanced\standing\Home_02_video (49)_f124.png,standing
fa1_outputs\balanced\walking\aug584_C_flipped_Coffee_room_02_video (70)_f167.png,walking
fa1_outputs\balanced\walking\aug638_B_rotated_15deg_Office_video (9)_f61.png,walking
fa1_outputs\balanced\sitting\aug359_B_rotated_15deg_Coffee_room_01_video (22)_f57.png,sitting
fa1_outputs\balanced\walking\Office_video (9)_f61.png,walking
fa1_outputs\balanced\sitting\Coffee_room_01_video (28)_f0.png,sitting
fa1_outputs\balanced\standing\Office_video (21)_f321.png,standing
fa1_outputs\balanced\sitting\aug55_D_zoom_1.3x_Coffee_room_02_video (56)_f172.png,sitting
fa1_outputs\balanced\normal\aug6_D_zoom_1.3x_Coffee_room_01_video (10)_f45.png,normal
fa1_outputs\balanced\sitting\aug214_brightness_jitter_Coffee_room_01_video (47)_f0.png,sitting
fa1_outputs\balanced\walking\aug469_C_flipped_Home_02_video (52)_f21.png,walking
fa1_outputs\balanced\sitting\aug762_brightness_jitter_Coffee_room_02_video (57)_f0.png,sitting
fa1_outputs\balanced\fall\aug444_C_flipped_Home_02_video (51)_f184.png,fall
fa1_outputs\balanced\sitting\aug784_brightness_jitter_Home_01_video (27)_f30.png,sitting
fa1_outputs\balanced\normal\Coffee_room_01_video (35)_f173.png,normal
fa1_outputs\balanced\sitting\Home_02_video (53)_f135.png,sitting
fa1_outputs\balanced\standing\Coffee_room_01_video (43)_f574.png,standing
fa1_outputs\balanced\walking\aug460_C_flipped_Home_02_video (46)_f26.png,walking
fa1_outputs\balanced\standing\Coffee_room_01_video (8)_f103.png,standing
fa1_outputs\balanced\sitting\Office_video (23)_f1031.png,sitting
fa1_outputs\balanced\walking\aug154_B_rotated_15deg_Coffee_room_02_video (58)_f38.png,walking
fa1_outputs\balanced\normal\Home_01_video (5)_f0.png,normal
fa1_outputs\balanced\fall\Coffee_room_01_video (38)_f237.png,fall
fa1_outputs\balanced\fall\aug243_D_zoom_1.3x_Coffee_room_01_video (7)_f104.png,fall
fa1_outputs\balanced\fall\Coffee_room_01_video (17)_f63.png,fall
fa1_outputs\balanced\sitting\aug310_C_flipped_Office_video (24)_f248.png,sitting
fa1_outputs\balanced\walking\aug756_D_zoom_1.3x_Home_02_video (53)_f27.png,walking
fa1_outputs\balanced\fall\aug437_C_flipped_Home_02_video (37)_f132.png,fall
fa1_outputs\balanced\fall\Coffee_room_01_video (43)_f662.png,fall
fa1_outputs\balanced\walking\Coffee_room_01_video (24)_f33.png,walking
fa1_outputs\balanced\normal\Lecture_room_video (1)_f249.png,normal
fa1_outputs\balanced\fall\aug386_brightness_jitter_Home_01_video (26)_f86.png,fall
fa1_outputs\balanced\normal\Home_02_video (55)_f43.png,normal
fa1_outputs\balanced\fall\Coffee_room_01_video (25)_f157.png,fall
fa1_outputs\balanced\fall\Home_01_video (1)_f164.png,fall
fa1_outputs\balanced\standing\Coffee_room_01_video (2)_f153.png,standing
fa1_outputs\balanced\walking\aug427_D_zoom_1.3x_Coffee_room_01_video (12)_f22.png,walking
fa1_outputs\balanced\walking\aug957_B_rotated_15deg_Home_02_video (46)_f26.png,walking
fa1_outputs\balanced\normal\Office_video (12)_f149.png,normal
fa1_outputs\balanced\walking\aug226_B_rotated_15deg_Coffee_room_02_video (60)_f0.png,walking
fa1_outputs\balanced\sitting\aug818_D_zoom_1.3x_Office_video (16)_f0.png,sitting
fa1_outputs\balanced\normal\aug173_brightness_jitter_Coffee_room_02_video (59)_f219.png,normal
fa1_outputs\balanced\normal\Office_video (16)_f53.png,normal
fa1_outputs\balanced\normal\Office_video (14)_f151.png,normal
fa1_outputs\balanced\walking\aug192_B_rotated_15deg_Home_02_video (55)_f162.png,walking
fa1_outputs\balanced\sitting\aug119_brightness_jitter_Office_video (16)_f85.png,sitting
fa1_outputs\balanced\standing\Coffee_room_02_video (70)_f734.png,standing
fa1_outputs\balanced\walking\aug874_B_rotated_15deg_Home_01_video (21)_f135.png,walking
fa1_outputs\balanced\walking\aug180_brightness_jitter_Home_02_video (49)_f62.png,walking
fa1_outputs\balanced\normal\aug136_brightness_jitter_Coffee_room_01_video (8)_f193.png,normal
fa1_outputs\balanced\fall\Coffee_room_01_video (7)_f96.png,fall
fa1_outputs\balanced\fall\Coffee_room_01_video (35)_f106.png,fall
fa1_outputs\balanced\sitting\aug261_B_rotated_15deg_Home_01_video (7)_f0.png,sitting
fa1_outputs\balanced\fall\aug14_C_flipped_Coffee_room_01_video (10)_f238.png,fall
fa1_outputs\balanced\fall\aug309_B_rotated_15deg_Coffee_room_02_video (59)_f145.png,fall
fa1_outputs\balanced\walking\Coffee_room_01_video (38)_f140.png,walking
fa1_outputs\balanced\normal\aug350_B_rotated_15deg_Home_02_video (39)_f168.png,normal
fa1_outputs\balanced\standing\Coffee_room_01_video (20)_f277.png,standing
fa1_outputs\balanced\sitting\aug234_D_zoom_1.3x_Coffee_room_02_video (57)_f0.png,sitting
fa1_outputs\balanced\walking\aug322_brightness_jitter_Home_02_video (49)_f62.png,walking
fa1_outputs\balanced\sitting\Office_video (24)_f331.png,sitting
fa1_outputs\balanced\walking\aug815_B_rotated_15deg_Home_02_video (46)_f26.png,walking
fa1_outputs\balanced\walking\aug161_B_rotated_15deg_Home_01_video (20)_f129.png,walking
fa1_outputs\balanced\walking\aug482_B_rotated_15deg_Lecture_room_video (2)_f379.png,walking
fa1_outputs\balanced\sitting\aug577_B_rotated_15deg_Coffee_room_02_video (55)_f161.png,sitting
fa1_outputs\balanced\fall\aug230_B_rotated_15deg_Coffee_room_01_video (48)_f654.png,fall
fa1_outputs\balanced\walking\aug372_C_flipped_Home_01_video (11)_f273.png,walking
fa1_outputs\balanced\sitting\aug50_D_zoom_1.3x_Coffee_room_02_video (55)_f40.png,sitting
fa1_outputs\balanced\sitting\aug160_C_flipped_Office_video (30)_f498.png,sitting
fa1_outputs\balanced\walking\aug651_D_zoom_1.3x_Coffee_room_02_video (58)_f38.png,walking
fa1_outputs\balanced\normal\aug46_D_zoom_1.3x_Coffee_room_01_video (19)_f79.png,normal
fa1_outputs\balanced\walking\aug421_brightness_jitter_Office_video (19)_f41.png,walking
fa1_outputs\balanced\walking\aug178_brightness_jitter_Home_02_video (48)_f0.png,walking
fa1_outputs\balanced\walking\aug678_B_rotated_15deg_Home_02_video (49)_f78.png,walking
fa1_outputs\balanced\standing\Home_02_video (44)_f188.png,standing
fa1_outputs\balanced\standing\Coffee_room_01_video (10)_f144.png,standing
fa1_outputs\balanced\walking\aug694_B_rotated_15deg_Lecture_room_video (12)_f421.png,walking
fa1_outputs\balanced\standing\Office_video (17)_f81.png,standing
fa1_outputs\balanced\standing\Lecture_room_video (8)_f288.png,standing
fa1_outputs\balanced\walking\aug44_B_rotated_15deg_Home_02_video (52)_f64.png,walking
fa1_outputs\balanced\sitting\aug681_B_rotated_15deg_Office_video (3)_f233.png,sitting
fa1_outputs\balanced\normal\Office_video (9)_f77.png,normal
fa1_outputs\balanced\standing\Office_video (25)_f790.png,standing
fa1_outputs\balanced\fall\aug397_brightness_jitter_Home_01_video (29)_f161.png,fall
fa1_outputs\balanced\fall\Home_01_video (1)_f52.png,fall
fa1_outputs\balanced\sitting\aug551_B_rotated_15deg_Coffee_room_01_video (32)_f38.png,sitting
fa1_outputs\balanced\walking\aug517_brightness_jitter_Home_01_video (20)_f135.png,walking
fa1_outputs\balanced\normal\Office_video (17)_f135.png,normal
fa1_outputs\balanced\walking\aug245_B_rotated_15deg_Home_02_video (37)_f0.png,walking
fa1_outputs\balanced\sitting\aug595_B_rotated_15deg_Coffee_room_02_video (70)_f0.png,sitting
fa1_outputs\balanced\walking\aug478_B_rotated_15deg_Home_02_video (56)_f324.png,walking
fa1_outputs\balanced\normal\Coffee_room_02_video (51)_f25.png,normal
fa1_outputs\balanced\sitting\aug587_D_zoom_1.3x_Coffee_room_02_video (57)_f112.png,sitting
fa1_outputs\balanced\sitting\aug291_B_rotated_15deg_Office_video (16)_f107.png,sitting
fa1_outputs\balanced\walking\aug600_D_zoom_1.3x_Home_02_video (37)_f0.png,walking
fa1_outputs\balanced\walking\aug400_brightness_jitter_Home_02_video (53)_f21.png,walking
fa1_outputs\balanced\walking\aug73_D_zoom_1.3x_Coffee_room_01_video (12)_f45.png,walking
fa1_outputs\balanced\normal\aug400_D_zoom_1.3x_Home_02_video (54)_f64.png,normal
fa1_outputs\balanced\fall\Coffee_room_02_video (62)_f175.png,fall
fa1_outputs\balanced\normal\aug375_brightness_jitter_Home_02_video (46)_f33.png,normal
fa1_outputs\balanced\sitting\aug292_D_zoom_1.3x_Office_video (16)_f128.png,sitting
fa1_outputs\balanced\sitting\aug684_B_rotated_15deg_Office_video (3)_f46.png,sitting
fa1_outputs\balanced\sitting\aug514_D_zoom_1.3x_Office_video (30)_f748.png,sitting
fa1_outputs\balanced\sitting\Office_video (4)_f96.png,sitting
fa1_outputs\balanced\normal\aug155_brightness_jitter_Coffee_room_02_video (52)_f107.png,normal
fa1_outputs\balanced\normal\Coffee_room_02_video (66)_f149.png,normal
fa1_outputs\balanced\walking\aug637_brightness_jitter_Office_video (33)_f159.png,walking
fa1_outputs\balanced\walking\aug170_D_zoom_1.3x_Home_01_video (30)_f72.png,walking
fa1_outputs\balanced\fall\Home_02_video (56)_f288.png,fall
fa1_outputs\balanced\standing\Home_02_video (42)_f63.png,standing
fa1_outputs\balanced\normal\aug207_C_flipped_Home_01_video (1)_f231.png,normal
fa1_outputs\balanced\standing\Coffee_room_01_video (41)_f143.png,standing
fa1_outputs\balanced\fall\aug413_brightness_jitter_Home_01_video (4)_f48.png,fall
fa1_outputs\balanced\standing\Coffee_room_02_video (54)_f125.png,standing
fa1_outputs\balanced\fall\Coffee_room_01_video (31)_f162.png,fall
fa1_outputs\balanced\standing\Lecture_room_video (10)_f197.png,standing
fa1_outputs\balanced\sitting\Coffee_room_02_video (55)_f80.png,sitting
fa1_outputs\balanced\fall\Coffee_room_02_video (57)_f447.png,fall
fa1_outputs\balanced\fall\aug176_D_zoom_1.3x_Coffee_room_01_video (37)_f164.png,fall
fa1_outputs\balanced\walking\aug504_brightness_jitter_Coffee_room_01_video (38)_f0.png,walking
fa1_outputs\balanced\walking\aug171_B_rotated_15deg_Home_01_video (4)_f30.png,walking
fa1_outputs\balanced\standing\Coffee_room_01_video (39)_f0.png,standing
fa1_outputs\balanced\standing\Home_02_video (57)_f120.png,standing
fa1_outputs\balanced\walking\aug667_C_flipped_Home_01_video (30)_f72.png,walking
fa1_outputs\balanced\normal\aug116_C_flipped_Coffee_room_01_video (43)_f628.png,normal
fa1_outputs\balanced\normal\Home_02_video (51)_f52.png,normal
fa1_outputs\balanced\standing\Lecture_room_video (8)_f577.png,standing
fa1_outputs\balanced\standing\Lecture_room_video (2)_f303.png,standing
fa1_outputs\balanced\fall\aug465_brightness_jitter_Office_video (14)_f103.png,fall
fa1_outputs\balanced\sitting\Office_video (27)_f506.png,sitting
fa1_outputs\balanced\walking\aug543_D_zoom_1.3x_Home_02_video (53)_f27.png,walking
fa1_outputs\balanced\standing\Coffee_room_02_video (50)_f488.png,standing
fa1_outputs\balanced\walking\aug727_D_zoom_1.3x_Home_01_video (11)_f273.png,walking
fa1_outputs\balanced\standing\Coffee_room_01_video (46)_f36.png,standing
fa1_outputs\balanced\normal\aug53_D_zoom_1.3x_Coffee_room_01_video (21)_f45.png,normal
fa1_outputs\balanced\standing\Coffee_room_01_video (43)_f287.png,standing
fa1_outputs\balanced\normal\aug105_D_zoom_1.3x_Coffee_room_01_video (37)_f25.png,normal
fa1_outputs\balanced\fall\aug292_C_flipped_Coffee_room_02_video (56)_f301.png,fall
fa1_outputs\balanced\sitting\aug582_D_zoom_1.3x_Coffee_room_02_video (56)_f161.png,sitting
fa1_outputs\balanced\sitting\Coffee_room_01_video (28)_f21.png,sitting
fa1_outputs\balanced\walking\aug903_D_zoom_1.3x_Home_02_video (55)_f27.png,walking
fa1_outputs\balanced\sitting\aug527_C_flipped_Office_video (6)_f155.png,sitting
fa1_outputs\balanced\sitting\aug859_C_flipped_Office_video (3)_f291.png,sitting
fa1_outputs\balanced\normal\Coffee_room_02_video (62)_f169.png,normal
fa1_outputs\balanced\sitting\aug773_D_zoom_1.3x_Home_01_video (16)_f33.png,sitting
fa1_outputs\balanced\standing\Office_video (26)_f399.png,standing
fa1_outputs\balanced\normal\Lecture_room_video (12)_f472.png,normal
fa1_outputs\balanced\fall\aug150_B_rotated_15deg_Coffee_room_01_video (33)_f108.png,fall
fa1_outputs\balanced\standing\Home_02_video (51)_f66.png,standing
fa1_outputs\balanced\walking\Home_02_video (60)_f78.png,walking
fa1_outputs\balanced\walking\aug541_B_rotated_15deg_Home_02_video (52)_f64.png,walking
fa1_outputs\balanced\sitting\aug83_C_flipped_Home_01_video (30)_f120.png,sitting
fa1_outputs\balanced\normal\Office_video (22)_f27.png,normal
fa1_outputs\balanced\fall\Coffee_room_01_video (33)_f113.png,fall
fa1_outputs\balanced\fall\aug315_brightness_jitter_Coffee_room_02_video (60)_f136.png,fall
fa1_outputs\balanced\standing\Coffee_room_02_video (61)_f788.png,standing
fa1_outputs\balanced\fall\Coffee_room_02_video (55)_f230.png,fall
fa1_outputs\balanced\walking\Home_02_video (49)_f62.png,walking
fa1_outputs\balanced\sitting\aug546_C_flipped_Coffee_room_01_video (31)_f198.png,sitting
fa1_outputs\balanced\normal\Coffee_room_01_video (34)_f363.png,normal
fa1_outputs\balanced\normal\Coffee_room_01_video (21)_f72.png,normal
fa1_outputs\balanced\sitting\Home_01_video (16)_f0.png,sitting
fa1_outputs\balanced\standing\Coffee_room_02_video (68)_f602.png,standing
fa1_outputs\balanced\fall\Coffee_room_01_video (11)_f375.png,fall
fa1_outputs\balanced\normal\Lecture_room_video (12)_f168.png,normal
fa1_outputs\balanced\sitting\Office_video (24)_f414.png,sitting
fa1_outputs\balanced\standing\Office_video (10)_f67.png,standing
fa1_outputs\balanced\standing\Lecture_room_video (26)_f857.png,standing
fa1_outputs\balanced\sitting\aug27_B_rotated_15deg_Coffee_room_01_video (34)_f166.png,sitting
fa1_outputs\balanced\fall\Coffee_room_02_video (59)_f151.png,fall
fa1_outputs\balanced\normal\aug321_D_zoom_1.3x_Home_02_video (32)_f72.png,normal
fa1_outputs\balanced\fall\Coffee_room_01_video (3)_f251.png,fall
fa1_outputs\balanced\fall\Coffee_room_01_video (1)_f94.png,fall
fa1_outputs\balanced\normal\Home_01_video (26)_f162.png,normal
fa1_outputs\balanced\walking\aug59_D_zoom_1.3x_Office_video (15)_f0.png,walking
fa1_outputs\balanced\standing\Home_02_video (38)_f72.png,standing
fa1_outputs\balanced\fall\Coffee_room_01_video (30)_f86.png,fall
fa1_outputs\balanced\fall\Coffee_room_01_video (18)_f168.png,fall
fa1_outputs\balanced\fall\Coffee_room_02_video (56)_f301.png,fall
fa1_outputs\balanced\standing\Office_video (31)_f60.png,standing
fa1_outputs\balanced\sitting\Office_video (24)_f82.png,sitting
fa1_outputs\balanced\fall\aug20_C_flipped_Coffee_room_01_video (11)_f396.png,fall
fa1_outputs\balanced\walking\aug690_B_rotated_15deg_Home_02_video (55)_f27.png,walking
fa1_outputs\balanced\standing\Coffee_room_01_video (43)_f143.png,standing
fa1_outputs\balanced\normal\aug397_brightness_jitter_Home_02_video (54)_f162.png,normal
fa1_outputs\balanced\standing\Home_01_video (9)_f134.png,standing
fa1_outputs\balanced\fall\aug504_brightness_jitter_Coffee_room_01_video (10)_f217.png,fall
fa1_outputs\balanced\sitting\aug152_D_zoom_1.3x_Office_video (3)_f186.png,sitting
fa1_outputs\balanced\walking\aug47_brightness_jitter_Home_02_video (54)_f43.png,walking
fa1_outputs\balanced\standing\Coffee_room_02_video (65)_f355.png,standing
fa1_outputs\balanced\walking\aug167_B_rotated_15deg_Home_01_video (29)_f108.png,walking
fa1_outputs\balanced\standing\Coffee_room_01_video (36)_f0.png,standing
fa1_outputs\balanced\walking\Home_02_video (55)_f27.png,walking
fa1_outputs\balanced\fall\Coffee_room_01_video (37)_f57.png,fall
fa1_outputs\balanced\normal\Lecture_room_video (12)_f506.png,normal
fa1_outputs\balanced\standing\Home_02_video (60)_f218.png,standing
fa1_outputs\balanced\walking\aug534_C_flipped_Home_02_video (49)_f273.png,walking
fa1_outputs\balanced\normal\aug365_brightness_jitter_Home_02_video (42)_f134.png,normal
fa1_outputs\balanced\normal\aug347_brightness_jitter_Home_02_video (39)_f115.png,normal
fa1_outputs\balanced\fall\Home_01_video (29)_f159.png,fall
fa1_outputs\balanced\fall\aug204_brightness_jitter_Coffee_room_01_video (42)_f111.png,fall
fa1_outputs\balanced\standing\Office_video (20)_f478.png,standing
fa1_outputs\balanced\normal\Home_02_video (60)_f0.png,normal
fa1_outputs\balanced\normal\aug310_D_zoom_1.3x_Home_01_video (9)_f210.png,normal
fa1_outputs\balanced\standing\Coffee_room_01_video (8)_f64.png,standing
fa1_outputs\balanced\sitting\aug51_C_flipped_Coffee_room_02_video (55)_f64.png,sitting
fa1_outputs\balanced\walking\aug480_brightness_jitter_Home_02_video (60)_f78.png,walking
fa1_outputs\balanced\standing\Lecture_room_video (8)_f180.png,standing
fa1_outputs\balanced\walking\Home_02_video (55)_f162.png,walking
fa1_outputs\balanced\fall\aug129_C_flipped_Coffee_room_01_video (30)_f104.png,fall
fa1_outputs\balanced\sitting\aug395_C_flipped_Coffee_room_02_video (52)_f0.png,sitting
fa1_outputs\balanced\standing\Office_video (26)_f311.png,standing
fa1_outputs\balanced\sitting\aug547_C_flipped_Coffee_room_01_video (31)_f212.png,sitting
fa1_outputs\balanced\normal\Home_01_video (26)_f81.png,normal
fa1_outputs\balanced\fall\Coffee_room_02_video (56)_f314.png,fall
fa1_outputs\balanced\sitting\aug816_C_flipped_Office_video (13)_f475.png,sitting
fa1_outputs\balanced\fall\aug92_B_rotated_15deg_Coffee_room_01_video (22)_f125.png,fall
fa1_outputs\balanced\fall\Coffee_room_01_video (32)_f244.png,fall
fa1_outputs\balanced\fall\Coffee_room_02_video (51)_f81.png,fall
fa1_outputs\balanced\walking\aug894_D_zoom_1.3x_Home_02_video (50)_f78.png,walking
fa1_outputs\balanced\sitting\aug190_C_flipped_Coffee_room_01_video (28)_f0.png,sitting
fa1_outputs\balanced\walking\aug621_brightness_jitter_Home_02_video (60)_f62.png,walking
fa1_outputs\balanced\fall\Home_01_video (21)_f86.png,fall
fa1_outputs\balanced\fall\Coffee_room_01_video (4)_f124.png,fall
fa1_outputs\balanced\normal\aug190_B_rotated_15deg_Coffee_room_02_video (66)_f111.png,normal
fa1_outputs\balanced\sitting\aug2_B_rotated_15deg_Coffee_room_01_video (21)_f22.png,sitting
fa1_outputs\balanced\standing\Coffee_room_01_video (42)_f79.png,standing
fa1_outputs\balanced\sitting\aug597_brightness_jitter_Home_01_video (16)_f33.png,sitting
fa1_outputs\balanced\sitting\aug631_B_rotated_15deg_Home_02_video (52)_f27.png,sitting
fa1_outputs\balanced\sitting\aug603_B_rotated_15deg_Home_01_video (26)_f0.png,sitting
fa1_outputs\balanced\standing\Office_video (29)_f854.png,standing
fa1_outputs\balanced\fall\aug191_brightness_jitter_Coffee_room_01_video (4)_f123.png,fall
fa1_outputs\balanced\fall\Coffee_room_01_video (14)_f58.png,fall
fa1_outputs\balanced\walking\aug940_C_flipped_Home_01_video (11)_f273.png,walking
fa1_outputs\balanced\sitting\aug56_C_flipped_Coffee_room_02_video (56)_f215.png,sitting
fa1_outputs\balanced\standing\Lecture_room_video (7)_f202.png,standing
fa1_outputs\balanced\normal\aug118_brightness_jitter_Coffee_room_01_video (44)_f33.png,normal
fa1_outputs\balanced\fall\aug499_B_rotated_15deg_Coffee_room_01_video (1)_f72.png,fall
fa1_outputs\balanced\normal\aug164_C_flipped_Coffee_room_02_video (54)_f156.png,normal
fa1_outputs\balanced\sitting\aug808_D_zoom_1.3x_Home_02_video (53)_f135.png,sitting
fa1_outputs\balanced\normal\aug133_brightness_jitter_Coffee_room_01_video (7)_f0.png,normal
fa1_outputs\balanced\normal\Office_video (10)_f168.png,normal
fa1_outputs\balanced\normal\Coffee_room_01_video (30)_f116.png,normal
fa1_outputs\balanced\walking\Home_01_video (4)_f30.png,walking
fa1_outputs\balanced\normal\aug168_C_flipped_Coffee_room_02_video (58)_f0.png,normal
fa1_outputs\balanced\walking\aug882_B_rotated_15deg_Home_01_video (8)_f178.png,walking
fa1_outputs\balanced\fall\aug8_B_rotated_15deg_Coffee_room_01_video (1)_f80.png,fall
fa1_outputs\balanced\standing\Coffee_room_02_video (66)_f186.png,standing
fa1_outputs\balanced\fall\aug102_B_rotated_15deg_Coffee_room_01_video (25)_f158.png,fall
fa1_outputs\balanced\normal\aug302_B_rotated_15deg_Home_01_video (7)_f135.png,normal
fa1_outputs\balanced\standing\Coffee_room_01_video (7)_f34.png,standing
fa1_outputs\balanced\walking\aug558_D_zoom_1.3x_Office_video (18)_f459.png,walking
fa1_outputs\balanced\standing\Lecture_room_video (22)_f616.png,standing
fa1_outputs\balanced\normal\Office_video (6)_f249.png,normal
fa1_outputs\balanced\normal\Home_02_video (31)_f156.png,normal
fa1_outputs\balanced\standing\Coffee_room_01_video (20)_f111.png,standing
fa1_outputs\balanced\sitting\aug155_B_rotated_15deg_Office_video (3)_f291.png,sitting
fa1_outputs\balanced\fall\aug394_brightness_jitter_Home_01_video (28)_f174.png,fall
fa1_outputs\balanced\standing\Coffee_room_02_video (50)_f586.png,standing
fa1_outputs\balanced\normal\Coffee_room_02_video (55)_f201.png,normal
fa1_outputs\balanced\walking\aug162_B_rotated_15deg_Home_01_video (20)_f135.png,walking
fa1_outputs\balanced\normal\Lecture_room_video (3)_f545.png,normal
fa1_outputs\balanced\fall\aug50_D_zoom_1.3x_Coffee_room_01_video (17)_f20.png,fall
fa1_outputs\balanced\normal\aug298_D_zoom_1.3x_Home_01_video (6)_f0.png,normal
fa1_outputs\balanced\standing\Coffee_room_01_video (45)_f80.png,standing
fa1_outputs\balanced\normal\Office_video (9)_f41.png,normal
fa1_outputs\balanced\sitting\aug602_C_flipped_Home_01_video (23)_f144.png,sitting
fa1_outputs\balanced\standing\Coffee_room_02_video (57)_f281.png,standing
fa1_outputs\balanced\normal\Coffee_room_01_video (26)_f243.png,normal
fa1_outputs\balanced\sitting\Coffee_room_01_video (34)_f83.png,sitting
fa1_outputs\balanced\walking\aug464_B_rotated_15deg_Home_02_video (49)_f62.png,walking
fa1_outputs\balanced\sitting\aug733_D_zoom_1.3x_Coffee_room_01_video (34)_f259.png,sitting
fa1_outputs\balanced\sitting\aug570_B_rotated_15deg_Coffee_room_01_video (9)_f25.png,sitting
fa1_outputs\balanced\normal\Coffee_room_01_video (16)_f154.png,normal
fa1_outputs\balanced\walking\aug434_D_zoom_1.3x_Coffee_room_01_video (38)_f140.png,walking
fa1_outputs\balanced\sitting\aug446_D_zoom_1.3x_Home_02_video (45)_f151.png,sitting
fa1_outputs\balanced\fall\aug215_brightness_jitter_Coffee_room_01_video (44)_f70.png,fall
fa1_outputs\balanced\walking\aug832_C_flipped_Home_02_video (55)_f27.png,walking
fa1_outputs\balanced\standing\Coffee_room_01_video (36)_f721.png,standing
fa1_outputs\balanced\fall\aug33_D_zoom_1.3x_Coffee_room_01_video (14)_f76.png,fall
fa1_outputs\balanced\sitting\aug399_brightness_jitter_Coffee_room_02_video (55)_f121.png,sitting
fa1_outputs\balanced\sitting\aug869_brightness_jitter_Office_video (30)_f935.png,sitting
fa1_outputs\balanced\fall\aug224_B_rotated_15deg_Coffee_room_01_video (46)_f165.png,fall
fa1_outputs\balanced\sitting\Coffee_room_02_video (57)_f0.png,sitting
fa1_outputs\balanced\standing\Lecture_room_video (27)_f77.png,standing
fa1_outputs\balanced\sitting\aug98_D_zoom_1.3x_Home_02_video (45)_f194.png,sitting
fa1_outputs\balanced\standing\Coffee_room_01_video (17)_f0.png,standing
fa1_outputs\balanced\walking\aug700_D_zoom_1.3x_Office_video (18)_f459.png,walking
fa1_outputs\balanced\standing\Coffee_room_01_video (39)_f19.png,standing
fa1_outputs\balanced\sitting\aug29_brightness_jitter_Coffee_room_01_video (34)_f259.png,sitting
fa1_outputs\balanced\normal\aug140_C_flipped_Coffee_room_01_video (9)_f41.png,normal
fa1_outputs\balanced\sitting\aug218_D_zoom_1.3x_Coffee_room_01_video (9)_f25.png,sitting
fa1_outputs\balanced\fall\Home_02_video (31)_f0.png,fall
fa1_outputs\balanced\walking\aug526_brightness_jitter_Home_01_video (4)_f30.png,walking
fa1_outputs\balanced\fall\aug542_B_rotated_15deg_Coffee_room_01_video (17)_f126.png,fall
fa1_outputs\balanced\sitting\aug200_B_rotated_15deg_Coffee_room_01_video (34)_f0.png,sitting
fa1_outputs\balanced\walking\aug619_C_flipped_Home_02_video (55)_f27.png,walking
fa1_outputs\balanced\walking\Coffee_room_01_video (24)_f66.png,walking
fa1_outputs\balanced\standing\Office_video (31)_f20.png,standing
fa1_outputs\balanced\walking\aug251_brightness_jitter_Home_02_video (49)_f62.png,walking
fa1_outputs\balanced\sitting\aug319_brightness_jitter_Office_video (27)_f486.png,sitting
fa1_outputs\balanced\walking\aug195_D_zoom_1.3x_Home_02_video (60)_f62.png,walking
fa1_outputs\balanced\standing\Coffee_room_01_video (40)_f87.png,standing
fa1_outputs\balanced\sitting\Coffee_room_01_video (34)_f51.png,sitting
fa1_outputs\balanced\walking\aug216_B_rotated_15deg_Coffee_room_01_video (17)_f19.png,walking
fa1_outputs\balanced\normal\Lecture_room_video (19)_f490.png,normal
fa1_outputs\balanced\fall\Home_02_video (32)_f0.png,fall
fa1_outputs\balanced\sitting\aug677_B_rotated_15deg_Office_video (3)_f116.png,sitting
fa1_outputs\balanced\walking\aug357_C_flipped_Coffee_room_01_video (12)_f45.png,walking
fa1_outputs\balanced\walking\aug725_brightness_jitter_Coffee_room_02_video (69)_f641.png,walking
fa1_outputs\balanced\fall\aug430_brightness_jitter_Home_02_video (31)_f62.png,fall
fa1_outputs\balanced\walking\aug596_B_rotated_15deg_Home_01_video (30)_f72.png,walking
fa1_outputs\balanced\walking\aug650_brightness_jitter_Coffee_room_01_video (5)_f36.png,walking
fa1_outputs\balanced\standing\Coffee_room_01_video (16)_f0.png,standing
fa1_outputs\balanced\fall\Coffee_room_02_video (52)_f129.png,fall
fa1_outputs\balanced\normal\Coffee_room_02_video (62)_f211.png,normal
fa1_outputs\balanced\sitting\Coffee_room_01_video (31)_f0.png,sitting
fa1_outputs\balanced\sitting\aug511_brightness_jitter_Office_video (30)_f467.png,sitting
fa1_outputs\balanced\sitting\Coffee_room_02_video (57)_f211.png,sitting
fa1_outputs\balanced\fall\Coffee_room_01_video (8)_f161.png,fall
fa1_outputs\balanced\sitting\aug390_B_rotated_15deg_Coffee_room_01_video (47)_f0.png,sitting
fa1_outputs\balanced\standing\Coffee_room_01_video (2)_f38.png,standing
fa1_outputs\balanced\walking\aug189_brightness_jitter_Home_02_video (54)_f43.png,walking
fa1_outputs\balanced\normal\Home_02_video (38)_f115.png,normal
fa1_outputs\balanced\walking\aug5_C_flipped_Coffee_room_01_video (24)_f66.png,walking
fa1_outputs\balanced\standing\Office_video (18)_f287.png,standing
fa1_outputs\balanced\normal\Home_02_video (39)_f172.png,normal
fa1_outputs\balanced\fall\Home_01_video (12)_f167.png,fall
fa1_outputs\balanced\fall\Home_02_video (32)_f90.png,fall
fa1_outputs\balanced\normal\Office_video (19)_f65.png,normal
fa1_outputs\balanced\walking\aug213_brightness_jitter_Coffee_room_01_video (11)_f289.png,walking
fa1_outputs\balanced\walking\aug207_brightness_jitter_Office_video (19)_f263.png,walking
fa1_outputs\balanced\normal\Office_video (17)_f108.png,normal
fa1_outputs\balanced\fall\aug296_brightness_jitter_Coffee_room_02_video (56)_f328.png,fall
fa1_outputs\balanced\normal\Home_02_video (52)_f151.png,normal
fa1_outputs\balanced\standing\Coffee_room_02_video (50)_f781.png,standing
fa1_outputs\balanced\sitting\aug118_brightness_jitter_Office_video (16)_f171.png,sitting
fa1_outputs\balanced\standing\Home_02_video (39)_f120.png,standing
fa1_outputs\balanced\fall\Coffee_room_01_video (33)_f101.png,fall
fa1_outputs\balanced\fall\aug268_D_zoom_1.3x_Coffee_room_02_video (51)_f81.png,fall
fa1_outputs\balanced\sitting\aug557_C_flipped_Coffee_room_01_video (34)_f259.png,sitting
fa1_outputs\balanced\fall\Home_02_video (48)_f48.png,fall
fa1_outputs\balanced\walking\aug20_brightness_jitter_Home_01_video (20)_f135.png,walking
fa1_outputs\balanced\standing\Office_video (8)_f104.png,standing
fa1_outputs\balanced\normal\aug249_B_rotated_15deg_Home_01_video (23)_f120.png,normal
fa1_outputs\balanced\fall\Office_video (5)_f142.png,fall
fa1_outputs\balanced\sitting\Coffee_room_02_video (55)_f121.png,sitting
fa1_outputs\balanced\sitting\aug860_D_zoom_1.3x_Office_video (3)_f46.png,sitting
fa1_outputs\balanced\sitting\aug624_D_zoom_1.3x_Home_02_video (45)_f172.png,sitting
fa1_outputs\balanced\standing\Office_video (30)_f155.png,standing
fa1_outputs\balanced\normal\aug317_D_zoom_1.3x_Home_02_video (31)_f78.png,normal
fa1_outputs\balanced\normal\aug63_D_zoom_1.3x_Coffee_room_01_video (23)_f62.png,normal
fa1_outputs\balanced\standing\Coffee_room_02_video (69)_f256.png,standing
fa1_outputs\balanced\walking\aug635_D_zoom_1.3x_Office_video (20)_f212.png,walking
fa1_outputs\balanced\sitting\aug779_C_flipped_Home_01_video (26)_f0.png,sitting
fa1_outputs\balanced\walking\aug325_D_zoom_1.3x_Home_02_video (50)_f62.png,walking
fa1_outputs\balanced\walking\aug85_brightness_jitter_Coffee_room_02_video (60)_f55.png,walking
fa1_outputs\balanced\walking\aug242_brightness_jitter_Home_01_video (4)_f30.png,walking
fa1_outputs\balanced\normal\Home_01_video (20)_f43.png,normal
fa1_outputs\balanced\standing\Office_video (19)_f82.png,standing
fa1_outputs\balanced\normal\Coffee_room_01_video (35)_f0.png,normal
fa1_outputs\balanced\fall\aug75_D_zoom_1.3x_Coffee_room_01_video (2)_f198.png,fall
fa1_outputs\balanced\fall\aug79_brightness_jitter_Coffee_room_01_video (2)_f244.png,fall
fa1_outputs\balanced\fall\aug423_brightness_jitter_Home_01_video (9)_f156.png,fall
fa1_outputs\balanced\walking\aug327_brightness_jitter_Home_02_video (52)_f21.png,walking
fa1_outputs\balanced\walking\aug718_brightness_jitter_Coffee_room_01_video (38)_f140.png,walking
fa1_outputs\balanced\walking\aug29_D_zoom_1.3x_Home_01_video (4)_f30.png,walking
fa1_outputs\balanced\fall\aug1_D_zoom_1.3x_Coffee_room_01_video (1)_f48.png,fall
fa1_outputs\balanced\walking\aug799_C_flipped_Home_01_video (2)_f30.png,walking
fa1_outputs\balanced\standing\Home_02_video (49)_f0.png,standing
fa1_outputs\balanced\fall\aug98_brightness_jitter_Coffee_room_01_video (24)_f215.png,fall
fa1_outputs\balanced\normal\Office_video (24)_f497.png,normal
fa1_outputs\balanced\walking\aug473_D_zoom_1.3x_Home_02_video (54)_f43.png,walking
fa1_outputs\balanced\standing\Lecture_room_video (22)_f197.png,standing
fa1_outputs\balanced\normal\aug62_C_flipped_Coffee_room_01_video (23)_f124.png,normal
fa1_outputs\balanced\sitting\aug641_B_rotated_15deg_Office_video (13)_f554.png,sitting
fa1_outputs\balanced\fall\aug381_C_flipped_Home_01_video (25)_f85.png,fall
fa1_outputs\balanced\sitting\aug490_brightness_jitter_Office_video (24)_f82.png,sitting
fa1_outputs\balanced\sitting\aug472_C_flipped_Office_video (18)_f383.png,sitting
fa1_outputs\balanced\normal\aug198_brightness_jitter_Coffee_room_02_video (68)_f160.png,normal
fa1_outputs\balanced\fall\Coffee_room_01_video (40)_f267.png,fall
fa1_outputs\balanced\standing\Coffee_room_02_video (61)_f164.png,standing
fa1_outputs\balanced\walking\aug648_brightness_jitter_Coffee_room_01_video (38)_f70.png,walking
fa1_outputs\balanced\walking\aug414_B_rotated_15deg_Office_video (15)_f0.png,walking
fa1_outputs\balanced\sitting\aug822_brightness_jitter_Office_video (16)_f171.png,sitting
fa1_outputs\balanced\sitting\aug735_C_flipped_Coffee_room_01_video (34)_f83.png,sitting
fa1_outputs\balanced\standing\Lecture_room_video (13)_f207.png,standing
fa1_outputs\balanced\standing\Coffee_room_02_video (65)_f88.png,standing
fa1_outputs\balanced\fall\aug295_brightness_jitter_Coffee_room_02_video (56)_f321.png,fall
fa1_outputs\balanced\walking\aug205_D_zoom_1.3x_Office_video (18)_f574.png,walking
fa1_outputs\balanced\sitting\Home_02_video (45)_f151.png,sitting
fa1_outputs\balanced\standing\Coffee_room_01_video (36)_f240.png,standing
fa1_outputs\balanced\standing\Home_02_video (33)_f76.png,standing
fa1_outputs\balanced\fall\aug453_B_rotated_15deg_Lecture_room_video (5)_f272.png,fall
fa1_outputs\balanced\normal\aug103_D_zoom_1.3x_Coffee_room_01_video (37)_f103.png,normal
fa1_outputs\balanced\fall\Coffee_room_01_video (41)_f279.png,fall
fa1_outputs\balanced\sitting\aug448_D_zoom_1.3x_Home_02_video (45)_f172.png,sitting
fa1_outputs\balanced\walking\aug576_brightness_jitter_Coffee_room_01_video (38)_f140.png,walking
fa1_outputs\balanced\walking\aug43_B_rotated_15deg_Home_02_video (52)_f21.png,walking
fa1_outputs\balanced\walking\aug415_B_rotated_15deg_Office_video (15)_f39.png,walking
fa1_outputs\balanced\normal\aug386_B_rotated_15deg_Home_02_video (51)_f26.png,normal
fa1_outputs\balanced\walking\aug277_C_flipped_Office_video (18)_f612.png,walking
fa1_outputs\balanced\fall\Coffee_room_01_video (33)_f136.png,fall
fa1_outputs\balanced\fall\aug475_D_zoom_1.3x_Office_video (17)_f130.png,fall
fa1_outputs\balanced\normal\Home_01_video (30)_f96.png,normal
fa1_outputs\balanced\walking\aug99_brightness_jitter_Home_01_video (30)_f72.png,walking
fa1_outputs\balanced\standing\Coffee_room_02_video (54)_f62.png,standing
fa1_outputs\balanced\walking\aug933_D_zoom_1.3x_Coffee_room_01_video (38)_f88.png,walking
fa1_outputs\balanced\fall\aug299_B_rotated_15deg_Coffee_room_02_video (57)_f450.png,fall
fa1_outputs\balanced\fall\Office_video (12)_f208.png,fall
fa1_outputs\balanced\walking\aug624_B_rotated_15deg_Lecture_room_video (2)_f379.png,walking
fa1_outputs\balanced\fall\Coffee_room_01_video (28)_f66.png,fall
fa1_outputs\balanced\walking\aug640_C_flipped_Coffee_room_01_video (12)_f22.png,walking
fa1_outputs\balanced\walking\aug403_C_flipped_Home_02_video (54)_f54.png,walking
fa1_outputs\balanced\sitting\aug829_brightness_jitter_Office_video (20)_f319.png,sitting
fa1_outputs\balanced\walking\aug762_C_flipped_Home_02_video (56)_f324.png,walking
fa1_outputs\balanced\fall\aug39_D_zoom_1.3x_Coffee_room_01_video (15)_f70.png,fall
fa1_outputs\balanced\sitting\aug350_D_zoom_1.3x_Office_video (4)_f96.png,sitting
fa1_outputs\balanced\normal\aug177_B_rotated_15deg_Coffee_room_02_video (60)_f34.png,normal
fa1_outputs\balanced\walking\aug606_B_rotated_15deg_Home_02_video (49)_f62.png,walking
fa1_outputs\balanced\standing\Home_01_video (15)_f148.png,standing
fa1_outputs\balanced\fall\Coffee_room_01_video (27)_f151.png,fall
fa1_outputs\balanced\fall\aug421_B_rotated_15deg_Home_01_video (9)_f149.png,fall
fa1_outputs\balanced\walking\aug516_brightness_jitter_Home_01_video (20)_f129.png,walking
fa1_outputs\balanced\walking\aug581_D_zoom_1.3x_Coffee_room_02_video (60)_f0.png,walking
fa1_outputs\balanced\fall\Coffee_room_02_video (55)_f258.png,fall
fa1_outputs\balanced\standing\Office_video (15)_f127.png,standing
fa1_outputs\balanced\fall\Coffee_room_02_video (62)_f176.png,fall
fa1_outputs\balanced\normal\aug325_C_flipped_Home_02_video (33)_f24.png,normal
fa1_outputs\balanced\normal\Home_01_video (27)_f90.png,normal
fa1_outputs\balanced\walking\aug74_C_flipped_Coffee_room_01_video (17)_f19.png,walking
fa1_outputs\balanced\normal\Home_01_video (7)_f43.png,normal
fa1_outputs\balanced\sitting\aug805_brightness_jitter_Home_02_video (48)_f24.png,sitting
fa1_outputs\balanced\walking\aug314_C_flipped_Home_01_video (8)_f178.png,walking
fa1_outputs\balanced\fall\Coffee_room_01_video (20)_f355.png,fall
fa1_outputs\balanced\fall\Coffee_room_01_video (36)_f1102.png,fall
fa1_outputs\balanced\normal\aug151_C_flipped_Coffee_room_02_video (51)_f126.png,normal
fa1_outputs\balanced\normal\Home_01_video (26)_f189.png,normal
fa1_outputs\balanced\sitting\aug802_brightness_jitter_Home_02_video (45)_f194.png,sitting
fa1_outputs\balanced\walking\aug730_B_rotated_15deg_Home_01_video (20)_f135.png,walking
fa1_outputs\balanced\walking\aug439_brightness_jitter_Coffee_room_02_video (60)_f0.png,walking
fa1_outputs\balanced\sitting\Coffee_room_01_video (21)_f22.png,sitting
fa1_outputs\balanced\fall\Coffee_room_01_video (28)_f59.png,fall
fa1_outputs\balanced\standing\Coffee_room_01_video (47)_f437.png,standing
fa1_outputs\balanced\standing\Lecture_room_video (13)_f259.png,standing
fa1_outputs\balanced\standing\Home_02_video (54)_f151.png,standing
fa1_outputs\balanced\standing\Office_video (19)_f32.png,standing
fa1_outputs\balanced\walking\aug628_B_rotated_15deg_Office_video (15)_f39.png,walking
fa1_outputs\balanced\fall\aug435_brightness_jitter_Home_02_video (32)_f90.png,fall
fa1_outputs\balanced\standing\Office_video (32)_f136.png,standing
fa1_outputs\balanced\walking\aug224_B_rotated_15deg_Coffee_room_01_video (5)_f36.png,walking
fa1_outputs\balanced\normal\Home_02_video (32)_f48.png,normal
fa1_outputs\balanced\standing\Coffee_room_01_video (39)_f39.png,standing
fa1_outputs\balanced\standing\Lecture_room_video (20)_f223.png,standing
fa1_outputs\balanced\normal\Office_video (23)_f229.png,normal
fa1_outputs\balanced\walking\Coffee_room_02_video (60)_f0.png,walking
fa1_outputs\balanced\normal\Home_02_video (42)_f126.png,normal
fa1_outputs\balanced\standing\Office_video (25)_f395.png,standing
fa1_outputs\balanced\standing\Home_02_video (46)_f132.png,standing
fa1_outputs\balanced\walking\aug506_brightness_jitter_Coffee_room_01_video (38)_f70.png,walking
fa1_outputs\balanced\fall\aug28_B_rotated_15deg_Coffee_room_01_video (14)_f52.png,fall
fa1_outputs\balanced\fall\Lecture_room_video (5)_f272.png,fall
fa1_outputs\balanced\normal\Lecture_room_video (6)_f171.png,normal
fa1_outputs\balanced\standing\Home_02_video (47)_f108.png,standing
fa1_outputs\balanced\normal\Office_video (2)_f161.png,normal
fa1_outputs\balanced\fall\aug203_C_flipped_Coffee_room_01_video (41)_f279.png,fall
fa1_outputs\balanced\normal\aug100_brightness_jitter_Coffee_room_01_video (35)_f173.png,normal
fa1_outputs\balanced\sitting\Home_02_video (45)_f172.png,sitting
fa1_outputs\balanced\fall\aug431_C_flipped_Home_02_video (32)_f0.png,fall
fa1_outputs\balanced\walking\Home_02_video (50)_f273.png,walking
fa1_outputs\balanced\normal\Office_video (4)_f64.png,normal
fa1_outputs\balanced\sitting\aug360_B_rotated_15deg_Coffee_room_01_video (25)_f0.png,sitting
fa1_outputs\balanced\normal\aug244_B_rotated_15deg_Home_01_video (22)_f150.png,normal
fa1_outputs\balanced\fall\Office_video (17)_f130.png,fall
fa1_outputs\balanced\standing\Coffee_room_02_video (70)_f104.png,standing
fa1_outputs\balanced\fall\aug192_C_flipped_Coffee_room_01_video (4)_f124.png,fall
fa1_outputs\balanced\fall\Coffee_room_01_video (19)_f109.png,fall
fa1_outputs\balanced\sitting\aug42_C_flipped_Coffee_room_01_video (9)_f25.png,sitting
fa1_outputs\balanced\standing\Coffee_room_01_video (13)_f91.png,standing
fa1_outputs\balanced\standing\Lecture_room_video (12)_f253.png,standing
fa1_outputs\balanced\fall\aug37_brightness_jitter_Coffee_room_01_video (15)_f56.png,fall
fa1_outputs\balanced\normal\Coffee_room_01_video (29)_f0.png,normal
fa1_outputs\balanced\sitting\Office_video (24)_f310.png,sitting
fa1_outputs\balanced\walking\aug898_D_zoom_1.3x_Home_02_video (53)_f27.png,walking
fa1_outputs\balanced\sitting\aug447_C_flipped_Home_02_video (45)_f162.png,sitting
fa1_outputs\balanced\walking\aug239_C_flipped_Home_01_video (3)_f30.png,walking
fa1_outputs\balanced\normal\aug44_B_rotated_15deg_Coffee_room_01_video (19)_f159.png,normal
fa1_outputs\balanced\walking\aug902_B_rotated_15deg_Home_02_video (55)_f162.png,walking
fa1_outputs\balanced\normal\Office_video (19)_f296.png,normal
fa1_outputs\balanced\walking\aug358_D_zoom_1.3x_Coffee_room_01_video (17)_f19.png,walking
fa1_outputs\balanced\normal\Office_video (14)_f129.png,normal
fa1_outputs\balanced\sitting\aug513_D_zoom_1.3x_Office_video (30)_f623.png,sitting
fa1_outputs\balanced\walking\aug786_C_flipped_Coffee_room_01_video (24)_f66.png,walking
fa1_outputs\balanced\walking\aug455_C_flipped_Home_01_video (4)_f30.png,walking
fa1_outputs\balanced\fall\aug534_C_flipped_Coffee_room_01_video (16)_f106.png,fall
fa1_outputs\balanced\normal\Office_video (4)_f80.png,normal
fa1_outputs\balanced\standing\Home_02_video (58)_f134.png,standing
fa1_outputs\balanced\fall\aug501_brightness_jitter_Coffee_room_01_video (1)_f80.png,fall
fa1_outputs\balanced\normal\Lecture_room_video (18)_f526.png,normal
fa1_outputs\balanced\fall\aug294_C_flipped_Coffee_room_02_video (56)_f314.png,fall
fa1_outputs\balanced\sitting\aug498_D_zoom_1.3x_Office_video (27)_f608.png,sitting
fa1_outputs\balanced\sitting\aug379_B_rotated_15deg_Coffee_room_01_video (34)_f166.png,sitting
fa1_outputs\balanced\walking\aug704_brightness_jitter_Office_video (19)_f263.png,walking
fa1_outputs\balanced\walking\aug422_C_flipped_Office_video (20)_f212.png,walking
fa1_outputs\balanced\sitting\aug219_D_zoom_1.3x_Coffee_room_02_video (52)_f0.png,sitting
fa1_outputs\balanced\standing\Home_02_video (43)_f151.png,standing
fa1_outputs\balanced\sitting\aug470_C_flipped_Office_video (16)_f171.png,sitting
fa1_outputs\balanced\sitting\aug578_B_rotated_15deg_Coffee_room_02_video (55)_f40.png,sitting
fa1_outputs\balanced\walking\aug527_B_rotated_15deg_Home_01_video (8)_f178.png,walking
fa1_outputs\balanced\walking\aug522_D_zoom_1.3x_Home_01_video (29)_f108.png,walking
fa1_outputs\balanced\standing\Coffee_room_01_video (19)_f0.png,standing
fa1_outputs\balanced\sitting\aug137_brightness_jitter_Office_video (24)_f414.png,sitting
fa1_outputs\balanced\walking\aug258_C_flipped_Home_02_video (53)_f21.png,walking
fa1_outputs\balanced\sitting\Office_video (18)_f383.png,sitting
fa1_outputs\balanced\fall\aug481_D_zoom_1.3x_Office_video (5)_f166.png,fall
fa1_outputs\balanced\normal\Office_video (6)_f41.png,normal
fa1_outputs\balanced\normal\Office_video (32)_f204.png,normal
fa1_outputs\balanced\fall\Coffee_room_02_video (61)_f1051.png,fall
fa1_outputs\balanced\standing\Lecture_room_video (8)_f433.png,standing
fa1_outputs\balanced\standing\Home_02_video (39)_f38.png,standing
fa1_outputs\balanced\standing\Coffee_room_01_video (42)_f63.png,standing
fa1_outputs\balanced\walking\aug317_brightness_jitter_Home_02_video (45)_f21.png,walking
fa1_outputs\balanced\walking\Office_video (33)_f159.png,walking
fa1_outputs\balanced\walking\aug202_brightness_jitter_Office_video (15)_f39.png,walking
fa1_outputs\balanced\normal\aug312_B_rotated_15deg_Home_02_video (31)_f0.png,normal
fa1_outputs\balanced\walking\aug661_C_flipped_Home_01_video (21)_f135.png,walking
fa1_outputs\balanced\fall\Coffee_room_01_video (15)_f56.png,fall
fa1_outputs\balanced\standing\Home_02_video (54)_f189.png,standing
fa1_outputs\balanced\sitting\aug583_D_zoom_1.3x_Coffee_room_02_video (56)_f172.png,sitting
fa1_outputs\balanced\standing\Lecture_room_video (9)_f280.png,standing
fa1_outputs\balanced\sitting\aug52_D_zoom_1.3x_Coffee_room_02_video (55)_f80.png,sitting
fa1_outputs\balanced\normal\Office_video (22)_f165.png,normal
fa1_outputs\balanced\standing\Lecture_room_video (9)_f701.png,standing
fa1_outputs\balanced\sitting\aug161_C_flipped_Office_video (30)_f623.png,sitting
fa1_outputs\balanced\walking\aug765_C_flipped_Lecture_room_video (12)_f421.png,walking
fa1_outputs\balanced\sitting\aug459_D_zoom_1.3x_Lecture_room_video (18)_f315.png,sitting
fa1_outputs\balanced\fall\Coffee_room_01_video (2)_f205.png,fall
fa1_outputs\balanced\normal\aug300_D_zoom_1.3x_Home_01_video (6)_f24.png,normal
fa1_outputs\balanced\walking\aug663_B_rotated_15deg_Home_01_video (29)_f101.png,walking
fa1_outputs\balanced\walking\Home_02_video (50)_f62.png,walking
fa1_outputs\balanced\fall\aug140_C_flipped_Coffee_room_01_video (31)_f171.png,fall
fa1_outputs\balanced\walking\aug973_C_flipped_Home_02_video (55)_f162.png,walking
fa1_outputs\balanced\normal\Office_video (13)_f594.png,normal
fa1_outputs\balanced\normal\Lecture_room_video (24)_f432.png,normal
fa1_outputs\balanced\normal\Coffee_room_02_video (55)_f282.png,normal
fa1_outputs\balanced\walking\aug174_brightness_jitter_Home_02_video (37)_f0.png,walking
fa1_outputs\balanced\sitting\Coffee_room_01_video (40)_f0.png,sitting
fa1_outputs\balanced\fall\Coffee_room_01_video (8)_f157.png,fall
fa1_outputs\balanced\sitting\aug843_B_rotated_15deg_Office_video (25)_f247.png,sitting
fa1_outputs\balanced\standing\Home_02_video (60)_f187.png,standing
fa1_outputs\balanced\fall\aug109_C_flipped_Coffee_room_01_video (27)_f163.png,fall
fa1_outputs\balanced\fall\aug352_C_flipped_Home_01_video (13)_f167.png,fall
fa1_outputs\balanced\fall\aug553_B_rotated_15deg_Coffee_room_01_video (18)_f161.png,fall
fa1_outputs\balanced\normal\Coffee_room_02_video (51)_f152.png,normal
fa1_outputs\balanced\fall\aug442_D_zoom_1.3x_Home_02_video (37)_f48.png,fall
fa1_outputs\balanced\fall\Coffee_room_01_video (16)_f50.png,fall
fa1_outputs\balanced\standing\Home_02_video (42)_f33.png,standing
fa1_outputs\balanced\normal\aug255_D_zoom_1.3x_Home_01_video (24)_f115.png,normal
fa1_outputs\balanced\walking\aug850_brightness_jitter_Office_video (33)_f159.png,walking
fa1_outputs\balanced\normal\Office_video (8)_f314.png,normal
fa1_outputs\balanced\normal\Coffee_room_01_video (13)_f30.png,normal
fa1_outputs\balanced\sitting\aug704_D_zoom_1.3x_Coffee_room_01_video (2)_f191.png,sitting
fa1_outputs\balanced\standing\Home_02_video (42)_f67.png,standing
fa1_outputs\balanced\normal\Coffee_room_01_video (33)_f28.png,normal
fa1_outputs\balanced\walking\Coffee_room_02_video (60)_f55.png,walking
fa1_outputs\balanced\sitting\Lecture_room_video (24)_f288.png,sitting
fa1_outputs\balanced\fall\aug356_brightness_jitter_Home_01_video (17)_f48.png,fall
fa1_outputs\balanced\standing\Coffee_room_02_video (70)_f524.png,standing
fa1_outputs\balanced\standing\Home_02_video (42)_f16.png,standing
fa1_outputs\balanced\fall\aug248_brightness_jitter_Coffee_room_01_video (7)_f96.png,fall
fa1_outputs\balanced\fall\Coffee_room_01_video (24)_f209.png,fall
fa1_outputs\balanced\sitting\aug586_B_rotated_15deg_Coffee_room_02_video (57)_f0.png,sitting
fa1_outputs\balanced\fall\Lecture_room_video (6)_f256.png,fall
fa1_outputs\balanced\walking\aug13_D_zoom_1.3x_Coffee_room_02_video (60)_f0.png,walking
fa1_outputs\balanced\sitting\Home_01_video (29)_f33.png,sitting
fa1_outputs\balanced\fall\aug434_brightness_jitter_Home_02_video (32)_f87.png,fall
fa1_outputs\balanced\fall\Coffee_room_01_video (39)_f55.png,fall
fa1_outputs\balanced\fall\aug469_brightness_jitter_Office_video (14)_f86.png,fall
fa1_outputs\balanced\walking\aug719_D_zoom_1.3x_Coffee_room_01_video (38)_f70.png,walking
fa1_outputs\balanced\fall\aug123_B_rotated_15deg_Coffee_room_01_video (3)_f228.png,fall
fa1_outputs\balanced\sitting\Home_01_video (26)_f43.png,sitting
fa1_outputs\balanced\fall\Coffee_room_01_video (35)_f82.png,fall
fa1_outputs\balanced\sitting\Office_video (16)_f85.png,sitting
fa1_outputs\balanced\normal\Home_02_video (42)_f151.png,normal
fa1_outputs\balanced\walking\aug336_brightness_jitter_Home_02_video (56)_f324.png,walking
fa1_outputs\balanced\walking\Home_01_video (30)_f0.png,walking
fa1_outputs\balanced\sitting\aug512_D_zoom_1.3x_Office_video (30)_f498.png,sitting
fa1_outputs\balanced\sitting\aug697_brightness_jitter_Office_video (33)_f255.png,sitting
fa1_outputs\balanced\standing\Coffee_room_01_video (38)_f211.png,standing
fa1_outputs\balanced\sitting\aug432_B_rotated_15deg_Home_01_video (27)_f30.png,sitting
fa1_outputs\balanced\fall\aug103_B_rotated_15deg_Coffee_room_01_video (25)_f163.png,fall
fa1_outputs\balanced\standing\Coffee_room_02_video (65)_f444.png,standing
fa1_outputs\balanced\normal\aug152_brightness_jitter_Coffee_room_02_video (51)_f152.png,normal
fa1_outputs\balanced\standing\Lecture_room_video (17)_f202.png,standing
fa1_outputs\balanced\sitting\aug640_D_zoom_1.3x_Office_video (13)_f475.png,sitting
fa1_outputs\balanced\walking\aug518_brightness_jitter_Home_01_video (21)_f129.png,walking
fa1_outputs\balanced\sitting\aug661_D_zoom_1.3x_Office_video (24)_f207.png,sitting
fa1_outputs\balanced\normal\Home_01_video (23)_f120.png,normal
fa1_outputs\balanced\fall\Coffee_room_02_video (64)_f149.png,fall
fa1_outputs\balanced\standing\Lecture_room_video (4)_f251.png,standing
fa1_outputs\balanced\standing\Lecture_room_video (15)_f237.png,standing
fa1_outputs\balanced\fall\aug349_B_rotated_15deg_Home_01_video (12)_f164.png,fall
fa1_outputs\balanced\fall\Office_video (5)_f214.png,fall
fa1_outputs\balanced\fall\Coffee_room_02_video (51)_f117.png,fall
fa1_outputs\balanced\normal\aug393_C_flipped_Home_02_video (53)_f129.png,normal
fa1_outputs\balanced\walking\aug51_brightness_jitter_Home_02_video (55)_f27.png,walking
fa1_outputs\balanced\standing\Lecture_room_video (19)_f245.png,standing
fa1_outputs\balanced\standing\Home_02_video (43)_f33.png,standing
fa1_outputs\balanced\sitting\aug331_D_zoom_1.3x_Office_video (3)_f291.png,sitting
fa1_outputs\balanced\walking\aug896_C_flipped_Home_02_video (52)_f64.png,walking
fa1_outputs\balanced\normal\Home_02_video (54)_f27.png,normal
fa1_outputs\balanced\fall\aug503_C_flipped_Coffee_room_01_video (10)_f211.png,fall
fa1_outputs\balanced\walking\aug747_C_flipped_Home_02_video (49)_f273.png,walking
fa1_outputs\balanced\sitting\aug188_brightness_jitter_Coffee_room_01_video (27)_f50.png,sitting
fa1_outputs\balanced\fall\aug46_B_rotated_15deg_Coffee_room_01_video (16)_f60.png,fall
fa1_outputs\balanced\normal\Coffee_room_01_video (24)_f53.png,normal
fa1_outputs\balanced\normal\Home_02_video (37)_f180.png,normal
fa1_outputs\balanced\walking\aug27_C_flipped_Home_01_video (30)_f0.png,walking
fa1_outputs\balanced\sitting\Office_video (3)_f280.png,sitting
fa1_outputs\balanced\normal\Home_02_video (41)_f168.png,normal
fa1_outputs\balanced\normal\aug12_C_flipped_Coffee_room_01_video (13)_f0.png,normal
fa1_outputs\balanced\sitting\aug642_D_zoom_1.3x_Office_video (16)_f0.png,sitting
fa1_outputs\balanced\standing\Home_01_video (29)_f135.png,standing
fa1_outputs\balanced\standing\Lecture_room_video (20)_f178.png,standing
fa1_outputs\balanced\sitting\aug376_B_rotated_15deg_Coffee_room_01_video (34)_f0.png,sitting
fa1_outputs\balanced\walking\aug710_C_flipped_Coffee_room_01_video (11)_f289.png,walking
fa1_outputs\balanced\walking\aug918_C_flipped_Office_video (19)_f41.png,walking
fa1_outputs\balanced\walking\Home_02_video (49)_f78.png,walking
fa1_outputs\balanced\walking\aug904_brightness_jitter_Home_02_video (56)_f324.png,walking
fa1_outputs\balanced\fall\Coffee_room_01_video (46)_f170.png,fall
fa1_outputs\balanced\standing\Lecture_room_video (3)_f436.png,standing
fa1_outputs\balanced\sitting\aug743_C_flipped_Coffee_room_01_video (48)_f0.png,sitting
fa1_outputs\balanced\sitting\aug419_brightness_jitter_Coffee_room_02_video (70)_f0.png,sitting
fa1_outputs\balanced\sitting\aug724_C_flipped_Coffee_room_01_video (31)_f231.png,sitting
fa1_outputs\balanced\sitting\aug495_brightness_jitter_Office_video (27)_f486.png,sitting
fa1_outputs\balanced\sitting\aug620_C_flipped_Home_02_video (44)_f274.png,sitting
fa1_outputs\balanced\sitting\aug6_B_rotated_15deg_Coffee_room_01_video (22)_f45.png,sitting
fa1_outputs\balanced\fall\aug290_B_rotated_15deg_Coffee_room_02_video (55)_f244.png,fall
fa1_outputs\balanced\normal\Coffee_room_01_video (30)_f36.png,normal
fa1_outputs\balanced\normal\Lecture_room_video (1)_f106.png,normal
fa1_outputs\balanced\sitting\Office_video (20)_f319.png,sitting
fa1_outputs\balanced\standing\Office_video (29)_f915.png,standing
fa1_outputs\balanced\fall\Coffee_room_01_video (47)_f633.png,fall
fa1_outputs\balanced\walking\aug137_brightness_jitter_Office_video (19)_f41.png,walking
fa1_outputs\balanced\normal\aug287_D_zoom_1.3x_Home_01_video (30)_f168.png,normal
fa1_outputs\balanced\walking\aug291_B_rotated_15deg_Coffee_room_01_video (38)_f0.png,walking
fa1_outputs\balanced\fall\Coffee_room_01_video (27)_f187.png,fall
fa1_outputs\balanced\sitting\aug132_brightness_jitter_Office_video (24)_f165.png,sitting
fa1_outputs\balanced\walking\aug927_brightness_jitter_Coffee_room_01_video (24)_f33.png,walking
fa1_outputs\balanced\fall\Home_02_video (51)_f184.png,fall
fa1_outputs\balanced\walking\aug179_B_rotated_15deg_Home_02_video (49)_f273.png,walking
fa1_outputs\balanced\sitting\aug314_B_rotated_15deg_Office_video (24)_f82.png,sitting
fa1_outputs\balanced\walking\aug286_D_zoom_1.3x_Coffee_room_01_video (12)_f45.png,walking
fa1_outputs\balanced\standing\Home_01_video (4)_f120.png,standing
fa1_outputs\balanced\fall\Coffee_room_01_video (39)_f49.png,fall
fa1_outputs\balanced\sitting\aug668_D_zoom_1.3x_Office_video (25)_f494.png,sitting
fa1_outputs\balanced\normal\aug97_B_rotated_15deg_Coffee_room_01_video (35)_f0.png,normal
fa1_outputs\balanced\standing\Lecture_room_video (15)_f177.png,standing
fa1_outputs\balanced\walking\aug166_B_rotated_15deg_Home_01_video (29)_f101.png,walking
fa1_outputs\balanced\normal\Home_02_video (51)_f158.png,normal
fa1_outputs\balanced\fall\Coffee_room_01_video (36)_f1109.png,fall
fa1_outputs\balanced\normal\Coffee_room_01_video (3)_f266.png,normal
fa1_outputs\balanced\fall\Coffee_room_01_video (33)_f116.png,fall
fa1_outputs\balanced\sitting\aug418_C_flipped_Coffee_room_02_video (68)_f1285.png,sitting
fa1_outputs\balanced\normal\aug145_brightness_jitter_Coffee_room_02_video (49)_f98.png,normal
fa1_outputs\balanced\standing\Office_video (12)_f37.png,standing
fa1_outputs\balanced\sitting\aug533_C_flipped_Coffee_room_01_video (22)_f28.png,sitting
fa1_outputs\balanced\sitting\aug299_C_flipped_Office_video (20)_f159.png,sitting
fa1_outputs\balanced\fall\Coffee_room_02_video (64)_f143.png,fall
fa1_outputs\balanced\fall\aug486_D_zoom_1.3x_Office_video (7)_f130.png,fall
fa1_outputs\balanced\sitting\aug854_D_zoom_1.3x_Office_video (3)_f140.png,sitting
fa1_outputs\balanced\normal\aug385_D_zoom_1.3x_Home_02_video (51)_f211.png,normal
fa1_outputs\balanced\sitting\aug4_C_flipped_Coffee_room_01_video (22)_f0.png,sitting
fa1_outputs\balanced\walking\aug716_D_zoom_1.3x_Coffee_room_01_video (30)_f54.png,walking
fa1_outputs\balanced\standing\Home_02_video (44)_f157.png,standing
fa1_outputs\balanced\normal\Home_01_video (24)_f48.png,normal
fa1_outputs\balanced\normal\aug90_brightness_jitter_Coffee_room_01_video (33)_f141.png,normal
fa1_outputs\balanced\standing\Office_video (26)_f436.png,standing
fa1_outputs\balanced\sitting\Home_01_video (16)_f66.png,sitting
fa1_outputs\balanced\sitting\Coffee_room_01_video (48)_f311.png,sitting
fa1_outputs\balanced\normal\Office_video (27)_f81.png,normal
fa1_outputs\balanced\standing\Office_video (17)_f65.png,standing
fa1_outputs\balanced\fall\aug424_C_flipped_Home_02_video (31)_f0.png,fall
fa1_outputs\balanced\walking\aug142_brightness_jitter_Coffee_room_01_video (11)_f289.png,walking
fa1_outputs\balanced\normal\aug297_D_zoom_1.3x_Home_01_video (5)_f76.png,normal
fa1_outputs\balanced\normal\Lecture_room_video (3)_f233.png,normal
fa1_outputs\balanced\walking\aug456_D_zoom_1.3x_Home_01_video (8)_f178.png,walking
fa1_outputs\balanced\sitting\aug232_brightness_jitter_Coffee_room_02_video (56)_f215.png,sitting
fa1_outputs\balanced\normal\aug50_B_rotated_15deg_Coffee_room_01_video (2)_f229.png,normal
fa1_outputs\balanced\walking\aug274_B_rotated_15deg_Office_video (18)_f459.png,walking
fa1_outputs\balanced\walking\aug873_C_flipped_Home_01_video (21)_f129.png,walking
fa1_outputs\balanced\normal\Home_01_video (9)_f201.png,normal
fa1_outputs\balanced\normal\Home_01_video (17)_f90.png,normal
fa1_outputs\balanced\walking\aug660_D_zoom_1.3x_Home_01_video (21)_f129.png,walking
fa1_outputs\balanced\normal\Lecture_room_video (22)_f296.png,normal
fa1_outputs\balanced\fall\aug41_C_flipped_Coffee_room_01_video (16)_f106.png,fall
fa1_outputs\balanced\standing\Coffee_room_02_video (62)_f56.png,standing
fa1_outputs\balanced\standing\Lecture_room_video (7)_f84.png,standing
fa1_outputs\balanced\walking\aug942_C_flipped_Home_01_video (20)_f129.png,walking
fa1_outputs\balanced\normal\aug180_brightness_jitter_Coffee_room_02_video (61)_f492.png,normal
fa1_outputs\balanced\normal\Lecture_room_video (18)_f657.png,normal
fa1_outputs\balanced\sitting\aug361_C_flipped_Coffee_room_01_video (25)_f32.png,sitting
fa1_outputs\balanced\fall\Coffee_room_01_video (45)_f114.png,fall
fa1_outputs\balanced\fall\aug300_C_flipped_Coffee_room_02_video (57)_f458.png,fall
fa1_outputs\balanced\walking\Office_video (15)_f0.png,walking
fa1_outputs\balanced\normal\Lecture_room_video (16)_f609.png,normal
fa1_outputs\balanced\sitting\aug464_C_flipped_Office_video (13)_f475.png,sitting
fa1_outputs\balanced\fall\Coffee_room_01_video (19)_f170.png,fall
fa1_outputs\balanced\sitting\aug383_C_flipped_Coffee_room_01_video (34)_f83.png,sitting
fa1_outputs\balanced\walking\aug941_B_rotated_15deg_Home_01_video (2)_f30.png,walking
fa1_outputs\balanced\walking\aug343_brightness_jitter_Office_video (15)_f0.png,walking
fa1_outputs\balanced\walking\aug500_B_rotated_15deg_Coffee_room_01_video (17)_f19.png,walking
fa1_outputs\balanced\standing\Lecture_room_video (21)_f113.png,standing
fa1_outputs\balanced\standing\Coffee_room_02_video (53)_f153.png,standing
fa1_outputs\balanced\sitting\aug565_brightness_jitter_Coffee_room_01_video (43)_f0.png,sitting
fa1_outputs\balanced\sitting\aug449_C_flipped_Home_02_video (45)_f189.png,sitting
fa1_outputs\balanced\standing\Lecture_room_video (20)_f119.png,standing
fa1_outputs\balanced\fall\Coffee_room_01_video (6)_f136.png,fall
fa1_outputs\balanced\standing\Office_video (10)_f33.png,standing
fa1_outputs\balanced\standing\Coffee_room_01_video (40)_f43.png,standing
fa1_outputs\balanced\walking\aug508_B_rotated_15deg_Coffee_room_01_video (5)_f36.png,walking
fa1_outputs\balanced\standing\Coffee_room_01_video (31)_f106.png,standing
fa1_outputs\balanced\fall\Coffee_room_02_video (57)_f458.png,fall
fa1_outputs\balanced\standing\Coffee_room_01_video (35)_f46.png,standing
fa1_outputs\balanced\normal\aug205_D_zoom_1.3x_Home_01_video (1)_f165.png,normal
fa1_outputs\balanced\standing\Home_01_video (8)_f106.png,standing
fa1_outputs\balanced\fall\aug113_C_flipped_Coffee_room_01_video (27)_f196.png,fall
fa1_outputs\balanced\sitting\aug117_brightness_jitter_Office_video (16)_f160.png,sitting
fa1_outputs\balanced\standing\Coffee_room_02_video (67)_f86.png,standing
fa1_outputs\balanced\walking\aug33_B_rotated_15deg_Home_02_video (45)_f21.png,walking
fa1_outputs\balanced\normal\aug211_C_flipped_Home_01_video (14)_f180.png,normal
fa1_outputs\balanced\normal\Home_02_video (56)_f90.png,normal
fa1_outputs\balanced\fall\Office_video (10)_f188.png,fall
fa1_outputs\balanced\standing\Lecture_room_video (16)_f696.png,standing
fa1_outputs\balanced\normal\Home_01_video (24)_f0.png,normal
fa1_outputs\balanced\standing\Home_02_video (51)_f165.png,standing
fa1_outputs\balanced\normal\Lecture_room_video (12)_f405.png,normal
fa1_outputs\balanced\sitting\aug169_brightness_jitter_Office_video (33)_f255.png,sitting
fa1_outputs\balanced\standing\Coffee_room_01_video (45)_f43.png,standing
fa1_outputs\balanced\standing\Home_01_video (14)_f144.png,standing
fa1_outputs\balanced\fall\aug35_brightness_jitter_Coffee_room_01_video (15)_f52.png,fall
fa1_outputs\balanced\normal\aug71_D_zoom_1.3x_Coffee_room_01_video (26)_f243.png,normal
fa1_outputs\balanced\fall\Coffee_room_01_video (37)_f63.png,fall
fa1_outputs\balanced\normal\aug307_B_rotated_15deg_Home_01_video (7)_f86.png,normal
fa1_outputs\balanced\normal\Coffee_room_01_video (25)_f196.png,normal
fa1_outputs\balanced\normal\aug201_C_flipped_Coffee_room_02_video (68)_f803.png,normal
fa1_outputs\balanced\normal\Home_01_video (19)_f24.png,normal
fa1_outputs\balanced\standing\Lecture_room_video (16)_f174.png,standing
fa1_outputs\balanced\normal\Lecture_room_video (11)_f136.png,normal
fa1_outputs\balanced\standing\Coffee_room_01_video (5)_f113.png,standing
fa1_outputs\balanced\walking\aug323_D_zoom_1.3x_Home_02_video (49)_f78.png,walking
fa1_outputs\balanced\walking\aug284_brightness_jitter_Coffee_room_01_video (11)_f289.png,walking
fa1_outputs\balanced\normal\Coffee_room_02_video (62)_f246.png,normal
fa1_outputs\balanced\sitting\aug106_B_rotated_15deg_Lecture_room_video (14)_f256.png,sitting
fa1_outputs\balanced\walking\aug529_B_rotated_15deg_Home_02_video (37)_f0.png,walking
fa1_outputs\balanced\sitting\aug416_brightness_jitter_Coffee_room_02_video (62)_f112.png,sitting
fa1_outputs\balanced\fall\Coffee_room_01_video (25)_f209.png,fall
fa1_outputs\balanced\normal\Office_video (7)_f108.png,normal
fa1_outputs\balanced\sitting\aug516_brightness_jitter_Office_video (30)_f872.png,sitting
fa1_outputs\balanced\sitting\aug68_B_rotated_15deg_Home_01_video (16)_f0.png,sitting
fa1_outputs\balanced\fall\aug213_brightness_jitter_Coffee_room_01_video (44)_f54.png,fall
fa1_outputs\balanced\standing\Coffee_room_01_video (10)_f72.png,standing
fa1_outputs\balanced\sitting\aug526_C_flipped_Office_video (4)_f96.png,sitting
fa1_outputs\balanced\standing\Home_02_video (42)_f21.png,standing
fa1_outputs\balanced\normal\aug233_C_flipped_Home_01_video (20)_f43.png,normal
fa1_outputs\balanced\standing\Office_video (26)_f249.png,standing
fa1_outputs\balanced\walking\aug574_brightness_jitter_Coffee_room_01_video (30)_f54.png,walking
fa1_outputs\balanced\walking\aug553_B_rotated_15deg_Lecture_room_video (2)_f379.png,walking
fa1_outputs\balanced\normal\Office_video (11)_f96.png,normal
fa1_outputs\balanced\standing\Lecture_room_video (16)_f261.png,standing
fa1_outputs\balanced\normal\Office_video (17)_f54.png,normal
fa1_outputs\balanced\normal\aug109_D_zoom_1.3x_Coffee_room_01_video (38)_f44.png,normal
fa1_outputs\balanced\standing\Lecture_room_video (24)_f180.png,standing
fa1_outputs\balanced\fall\Home_02_video (57)_f48.png,fall
fa1_outputs\balanced\standing\Coffee_room_01_video (3)_f190.png,standing
fa1_outputs\balanced\normal\Coffee_room_02_video (51)_f126.png,normal
fa1_outputs\balanced\sitting\aug108_D_zoom_1.3x_Lecture_room_video (18)_f420.png,sitting
fa1_outputs\balanced\sitting\aug368_brightness_jitter_Coffee_room_01_video (30)_f126.png,sitting
fa1_outputs\balanced\sitting\aug69_D_zoom_1.3x_Home_01_video (16)_f33.png,sitting
fa1_outputs\balanced\fall\aug228_brightness_jitter_Coffee_room_01_video (47)_f633.png,fall
fa1_outputs\balanced\sitting\aug61_C_flipped_Coffee_room_02_video (57)_f211.png,sitting
fa1_outputs\balanced\sitting\Office_video (27)_f608.png,sitting
fa1_outputs\balanced\sitting\aug72_B_rotated_15deg_Home_01_video (17)_f96.png,sitting
fa1_outputs\balanced\sitting\aug774_brightness_jitter_Home_01_video (16)_f52.png,sitting
fa1_outputs\balanced\sitting\aug439_C_flipped_Home_02_video (34)_f30.png,sitting
fa1_outputs\balanced\walking\aug592_brightness_jitter_Home_01_video (29)_f101.png,walking
fa1_outputs\balanced\standing\Coffee_room_01_video (8)_f96.png,standing
fa1_outputs\balanced\normal\Home_01_video (6)_f115.png,normal
fa1_outputs\balanced\standing\Home_01_video (11)_f117.png,standing
fa1_outputs\balanced\fall\Coffee_room_02_video (54)_f162.png,fall
fa1_outputs\balanced\fall\aug293_D_zoom_1.3x_Coffee_room_02_video (56)_f307.png,fall
fa1_outputs\balanced\walking\aug646_C_flipped_Coffee_room_01_video (38)_f0.png,walking
fa1_outputs\balanced\fall\Coffee_room_01_video (45)_f129.png,fall
fa1_outputs\balanced\walking\aug247_D_zoom_1.3x_Home_02_video (46)_f26.png,walking
fa1_outputs\balanced\walking\Home_01_video (26)_f129.png,walking
fa1_outputs\balanced\sitting\Coffee_room_01_video (30)_f126.png,sitting
fa1_outputs\balanced\sitting\aug715_D_zoom_1.3x_Coffee_room_01_video (27)_f31.png,sitting
fa1_outputs\balanced\fall\Coffee_room_01_video (2)_f192.png,fall
fa1_outputs\balanced\normal\aug323_C_flipped_Home_02_video (33)_f115.png,normal
fa1_outputs\balanced\standing\Coffee_room_01_video (32)_f122.png,standing
fa1_outputs\balanced\normal\aug169_brightness_jitter_Coffee_room_02_video (58)_f233.png,normal
fa1_outputs\balanced\sitting\Office_video (3)_f58.png,sitting
fa1_outputs\balanced\normal\aug184_C_flipped_Coffee_room_02_video (62)_f211.png,normal
fa1_outputs\balanced\sitting\aug440_C_flipped_Home_02_video (34)_f48.png,sitting
fa1_outputs\balanced\standing\Home_02_video (35)_f0.png,standing
fa1_outputs\balanced\fall\aug187_C_flipped_Coffee_room_01_video (39)_f62.png,fall
fa1_outputs\balanced\walking\Coffee_room_01_video (12)_f45.png,walking
fa1_outputs\balanced\normal\aug315_D_zoom_1.3x_Home_02_video (31)_f187.png,normal
fa1_outputs\balanced\walking\aug309_brightness_jitter_Home_01_video (29)_f108.png,walking
fa1_outputs\balanced\sitting\aug600_B_rotated_15deg_Home_01_video (17)_f96.png,sitting
fa1_outputs\balanced\sitting\aug59_D_zoom_1.3x_Coffee_room_02_video (57)_f112.png,sitting
fa1_outputs\balanced\walking\aug230_D_zoom_1.3x_Home_01_video (11)_f273.png,walking
fa1_outputs\balanced\fall\Coffee_room_01_video (36)_f1095.png,fall
fa1_outputs\balanced\standing\Office_video (28)_f50.png,standing
fa1_outputs\balanced\normal\Lecture_room_video (2)_f101.png,normal
fa1_outputs\balanced\fall\Lecture_room_video (1)_f256.png,fall
fa1_outputs\balanced\normal\Home_01_video (7)_f135.png,normal
fa1_outputs\balanced\standing\Lecture_room_video (25)_f225.png,standing
fa1_outputs\balanced\normal\aug42_C_flipped_Coffee_room_01_video (18)_f235.png,normal
fa1_outputs\balanced\normal\aug379_B_rotated_15deg_Home_02_video (48)_f216.png,normal
fa1_outputs\balanced\standing\Office_video (2)_f97.png,standing
fa1_outputs\balanced\sitting\aug148_D_zoom_1.3x_Office_video (3)_f0.png,sitting
fa1_outputs\balanced\fall\Home_01_video (1)_f158.png,fall
fa1_outputs\balanced\fall\Coffee_room_01_video (39)_f94.png,fall
fa1_outputs\balanced\walking\aug683_B_rotated_15deg_Home_02_video (52)_f64.png,walking
fa1_outputs\balanced\normal\Office_video (6)_f166.png,normal
fa1_outputs\balanced\standing\Coffee_room_02_video (50)_f1563.png,standing
fa1_outputs\balanced\fall\Coffee_room_01_video (1)_f56.png,fall
fa1_outputs\balanced\standing\Coffee_room_02_video (56)_f258.png,standing
fa1_outputs\balanced\fall\aug196_B_rotated_15deg_Coffee_room_01_video (40)_f267.png,fall
fa1_outputs\balanced\fall\aug19_B_rotated_15deg_Coffee_room_01_video (11)_f389.png,fall
fa1_outputs\balanced\fall\Home_01_video (28)_f86.png,fall
fa1_outputs\balanced\normal\Coffee_room_01_video (18)_f235.png,normal
fa1_outputs\balanced\fall\aug285_B_rotated_15deg_Coffee_room_02_video (55)_f217.png,fall
fa1_outputs\balanced\fall\aug171_brightness_jitter_Coffee_room_01_video (36)_f1088.png,fall
fa1_outputs\balanced\sitting\aug813_B_rotated_15deg_Lecture_room_video (19)_f327.png,sitting
fa1_outputs\balanced\standing\Coffee_room_01_video (27)_f94.png,standing
fa1_outputs\balanced\sitting\aug515_D_zoom_1.3x_Office_video (30)_f779.png,sitting
fa1_outputs\balanced\fall\aug110_brightness_jitter_Coffee_room_01_video (27)_f171.png,fall
fa1_outputs\balanced\sitting\aug167_D_zoom_1.3x_Office_video (32)_f272.png,sitting
fa1_outputs\balanced\standing\Lecture_room_video (27)_f25.png,standing
fa1_outputs\balanced\sitting\aug500_C_flipped_Office_video (3)_f0.png,sitting
fa1_outputs\balanced\normal\Coffee_room_01_video (33)_f0.png,normal
fa1_outputs\balanced\sitting\Office_video (27)_f648.png,sitting
fa1_outputs\balanced\standing\Home_02_video (43)_f42.png,standing
fa1_outputs\balanced\fall\aug22_D_zoom_1.3x_Coffee_room_01_video (12)_f53.png,fall
fa1_outputs\balanced\fall\aug353_D_zoom_1.3x_Home_01_video (14)_f186.png,fall
fa1_outputs\balanced\normal\Coffee_room_02_video (59)_f94.png,normal
fa1_outputs\balanced\normal\aug73_C_flipped_Coffee_room_01_video (27)_f158.png,normal
fa1_outputs\balanced\fall\aug510_D_zoom_1.3x_Coffee_room_01_video (11)_f382.png,fall
fa1_outputs\balanced\normal\aug98_brightness_jitter_Coffee_room_01_video (35)_f115.png,normal
fa1_outputs\balanced\standing\Coffee_room_02_video (54)_f150.png,standing
fa1_outputs\balanced\walking\aug71_B_rotated_15deg_Coffee_room_01_video (11)_f289.png,walking
fa1_outputs\balanced\normal\aug214_B_rotated_15deg_Home_01_video (17)_f0.png,normal
fa1_outputs\balanced\standing\Home_02_video (60)_f124.png,standing
fa1_outputs\balanced\sitting\aug675_brightness_jitter_Office_video (27)_f648.png,sitting
fa1_outputs\balanced\sitting\aug356_brightness_jitter_Coffee_room_01_video (22)_f0.png,sitting
fa1_outputs\balanced\fall\Coffee_room_01_video (10)_f289.png,fall
fa1_outputs\balanced\fall\Coffee_room_01_video (45)_f121.png,fall
fa1_outputs\balanced\normal\Coffee_room_01_video (16)_f22.png,normal
fa1_outputs\balanced\walking\Home_02_video (52)_f64.png,walking
fa1_outputs\balanced\sitting\aug462_brightness_jitter_Lecture_room_video (19)_f409.png,sitting
fa1_outputs\balanced\standing\Home_02_video (40)_f168.png,standing
fa1_outputs\balanced\sitting\Coffee_room_01_video (48)_f0.png,sitting
fa1_outputs\balanced\standing\Coffee_room_01_video (3)_f182.png,standing
fa1_outputs\balanced\walking\aug15_B_rotated_15deg_Coffee_room_02_video (69)_f641.png,walking
fa1_outputs\balanced\fall\aug18_D_zoom_1.3x_Coffee_room_01_video (11)_f386.png,fall
fa1_outputs\balanced\walking\aug486_D_zoom_1.3x_Office_video (15)_f39.png,walking
fa1_outputs\balanced\walking\aug131_brightness_jitter_Office_video (15)_f39.png,walking
fa1_outputs\balanced\standing\Office_video (29)_f305.png,standing
fa1_outputs\balanced\fall\Coffee_room_02_video (59)_f157.png,fall
fa1_outputs\balanced\standing\Home_02_video (46)_f66.png,standing
fa1_outputs\balanced\fall\aug405_C_flipped_Home_01_video (30)_f134.png,fall
fa1_outputs\balanced\fall\aug522_B_rotated_15deg_Coffee_room_01_video (14)_f58.png,fall
fa1_outputs\balanced\normal\Coffee_room_01_video (14)_f110.png,normal
fa1_outputs\balanced\walking\aug665_D_zoom_1.3x_Home_01_video (3)_f30.png,walking
fa1_outputs\balanced\sitting\aug696_D_zoom_1.3x_Office_video (33)_f239.png,sitting
fa1_outputs\balanced\normal\Home_02_video (39)_f115.png,normal
fa1_outputs\balanced\sitting\aug237_brightness_jitter_Coffee_room_02_video (57)_f211.png,sitting
fa1_outputs\balanced\sitting\aug776_B_rotated_15deg_Home_01_video (17)_f96.png,sitting
fa1_outputs\balanced\normal\Office_video (6)_f259.png,normal
fa1_outputs\balanced\standing\Coffee_room_02_video (69)_f1154.png,standing
fa1_outputs\balanced\sitting\aug195_C_flipped_Coffee_room_01_video (31)_f212.png,sitting
fa1_outputs\balanced\normal\Home_01_video (20)_f0.png,normal
fa1_outputs\balanced\sitting\Office_video (22)_f82.png,sitting
fa1_outputs\balanced\sitting\aug691_brightness_jitter_Office_video (30)_f779.png,sitting
fa1_outputs\balanced\sitting\aug364_D_zoom_1.3x_Coffee_room_01_video (27)_f50.png,sitting
fa1_outputs\balanced\sitting\aug320_D_zoom_1.3x_Office_video (27)_f506.png,sitting
fa1_outputs\balanced\standing\Lecture_room_video (5)_f155.png,standing
fa1_outputs\balanced\sitting\aug463_brightness_jitter_Lecture_room_video (24)_f288.png,sitting
fa1_outputs\balanced\fall\Coffee_room_02_video (62)_f225.png,fall
fa1_outputs\balanced\sitting\aug755_D_zoom_1.3x_Coffee_room_02_video (55)_f64.png,sitting
fa1_outputs\balanced\standing\Home_01_video (13)_f120.png,standing
fa1_outputs\balanced\sitting\aug703_brightness_jitter_Office_video (6)_f155.png,sitting
fa1_outputs\balanced\fall\Coffee_room_01_video (5)_f144.png,fall
fa1_outputs\balanced\walking\aug562_D_zoom_1.3x_Office_video (19)_f263.png,walking
fa1_outputs\balanced\normal\aug380_D_zoom_1.3x_Home_02_video (48)_f30.png,normal
fa1_outputs\balanced\normal\Office_video (21)_f214.png,normal
fa1_outputs\balanced\fall\Coffee_room_01_video (31)_f171.png,fall
fa1_outputs\balanced\sitting\aug678_B_rotated_15deg_Office_video (3)_f140.png,sitting
fa1_outputs\balanced\standing\Coffee_room_01_video (31)_f132.png,standing
fa1_outputs\balanced\fall\Coffee_room_01_video (24)_f213.png,fall
fa1_outputs\balanced\sitting\Office_video (33)_f255.png,sitting
fa1_outputs\balanced\walking\aug373_C_flipped_Home_01_video (2)_f30.png,walking
fa1_outputs\balanced\sitting\aug711_C_flipped_Coffee_room_01_video (22)_f57.png,sitting
fa1_outputs\balanced\sitting\Coffee_room_01_video (34)_f207.png,sitting
fa1_outputs\balanced\walking\aug425_brightness_jitter_Office_video (9)_f61.png,walking
fa1_outputs\balanced\fall\Coffee_room_01_video (19)_f119.png,fall
fa1_outputs\balanced\fall\aug466_B_rotated_15deg_Office_video (14)_f121.png,fall
fa1_outputs\balanced\standing\Lecture_room_video (19)_f204.png,standing
fa1_outputs\balanced\normal\aug290_C_flipped_Home_01_video (30)_f96.png,normal
fa1_outputs\balanced\walking\aug634_brightness_jitter_Office_video (19)_f41.png,walking
fa1_outputs\balanced\fall\aug458_C_flipped_Office_video (10)_f188.png,fall
fa1_outputs\balanced\sitting\aug663_B_rotated_15deg_Office_video (24)_f310.png,sitting
fa1_outputs\balanced\walking\aug38_brightness_jitter_Home_02_video (49)_f62.png,walking
fa1_outputs\balanced\sitting\aug225_D_zoom_1.3x_Coffee_room_02_video (55)_f161.png,sitting
fa1_outputs\balanced\walking\aug669_B_rotated_15deg_Home_01_video (8)_f178.png,walking
fa1_outputs\balanced\sitting\aug851_D_zoom_1.3x_Office_video (27)_f648.png,sitting
fa1_outputs\balanced\normal\Coffee_room_01_video (25)_f52.png,normal
fa1_outputs\balanced\standing\Lecture_room_video (21)_f904.png,standing
fa1_outputs\balanced\normal\Home_01_video (23)_f30.png,normal
fa1_outputs\balanced\fall\aug324_brightness_jitter_Coffee_room_02_video (62)_f176.png,fall
fa1_outputs\balanced\fall\Coffee_room_01_video (27)_f202.png,fall
fa1_outputs\balanced\fall\Coffee_room_01_video (2)_f219.png,fall
fa1_outputs\balanced\sitting\aug96_D_zoom_1.3x_Home_02_video (45)_f172.png,sitting
fa1_outputs\balanced\fall\Office_video (5)_f166.png,fall
fa1_outputs\balanced\normal\aug404_brightness_jitter_Home_02_video (55)_f194.png,normal
fa1_outputs\balanced\walking\aug567_C_flipped_Office_video (9)_f61.png,walking
fa1_outputs\balanced\walking\Coffee_room_02_video (58)_f38.png,walking
fa1_outputs\balanced\normal\Lecture_room_video (5)_f194.png,normal
fa1_outputs\balanced\standing\Coffee_room_02_video (68)_f401.png,standing
fa1_outputs\balanced\sitting\aug438_brightness_jitter_Home_02_video (31)_f195.png,sitting
fa1_outputs\balanced\walking\aug568_brightness_jitter_Coffee_room_01_video (11)_f289.png,walking
fa1_outputs\balanced\normal\Home_02_video (55)_f172.png,normal
fa1_outputs\balanced\normal\Coffee_room_02_video (69)_f0.png,normal
fa1_outputs\balanced\standing\Home_01_video (4)_f90.png,standing
fa1_outputs\balanced\walking\aug388_B_rotated_15deg_Home_02_video (45)_f21.png,walking
fa1_outputs\balanced\normal\Office_video (1)_f290.png,normal
fa1_outputs\balanced\normal\Office_video (15)_f278.png,normal
fa1_outputs\balanced\normal\Lecture_room_video (1)_f213.png,normal
fa1_outputs\balanced\standing\Home_01_video (18)_f54.png,standing
fa1_outputs\balanced\fall\Coffee_room_01_video (44)_f70.png,fall
fa1_outputs\balanced\walking\aug83_D_zoom_1.3x_Coffee_room_02_video (58)_f38.png,walking
fa1_outputs\balanced\sitting\aug503_brightness_jitter_Office_video (3)_f175.png,sitting
fa1_outputs\balanced\standing\Office_video (28)_f353.png,standing
fa1_outputs\balanced\normal\Home_01_video (28)_f54.png,normal
fa1_outputs\balanced\sitting\aug634_B_rotated_15deg_Lecture_room_video (14)_f256.png,sitting
fa1_outputs\balanced\standing\Coffee_room_01_video (4)_f103.png,standing
fa1_outputs\balanced\sitting\aug608_B_rotated_15deg_Home_01_video (27)_f30.png,sitting
fa1_outputs\balanced\fall\Coffee_room_01_video (11)_f389.png,fall
fa1_outputs\balanced\normal\Office_video (33)_f479.png,normal
fa1_outputs\balanced\normal\Home_01_video (22)_f60.png,normal
fa1_outputs\balanced\normal\Home_02_video (48)_f120.png,normal
fa1_outputs\balanced\fall\Office_video (23)_f916.png,fall
fa1_outputs\balanced\walking\aug363_brightness_jitter_Coffee_room_01_video (38)_f140.png,walking
fa1_outputs\balanced\fall\Coffee_room_01_video (33)_f94.png,fall
fa1_outputs\balanced\sitting\aug753_D_zoom_1.3x_Coffee_room_02_video (55)_f161.png,sitting
fa1_outputs\balanced\normal\Home_01_video (24)_f38.png,normal
fa1_outputs\balanced\fall\Coffee_room_01_video (18)_f176.png,fall
fa1_outputs\balanced\standing\Coffee_room_01_video (42)_f95.png,standing
fa1_outputs\balanced\standing\Coffee_room_01_video (2)_f122.png,standing
fa1_outputs\balanced\sitting\Office_video (25)_f592.png,sitting
fa1_outputs\balanced\fall\aug202_C_flipped_Coffee_room_01_video (41)_f273.png,fall
fa1_outputs\balanced\walking\aug257_C_flipped_Home_02_video (52)_f64.png,walking
fa1_outputs\balanced\sitting\aug539_D_zoom_1.3x_Coffee_room_01_video (27)_f31.png,sitting
fa1_outputs\balanced\fall\aug265_D_zoom_1.3x_Coffee_room_02_video (51)_f121.png,fall
fa1_outputs\balanced\standing\Office_video (30)_f311.png,standing
fa1_outputs\balanced\fall\Coffee_room_01_video (14)_f52.png,fall
fa1_outputs\balanced\standing\Coffee_room_02_video (66)_f260.png,standing
fa1_outputs\balanced\standing\Coffee_room_02_video (67)_f208.png,standing
fa1_outputs\balanced\sitting\aug337_D_zoom_1.3x_Office_video (30)_f623.png,sitting
fa1_outputs\balanced\walking\Coffee_room_02_video (69)_f641.png,walking
fa1_outputs\balanced\fall\Coffee_room_01_video (17)_f39.png,fall
fa1_outputs\balanced\fall\Coffee_room_01_video (30)_f87.png,fall
fa1_outputs\balanced\normal\aug92_D_zoom_1.3x_Coffee_room_01_video (33)_f198.png,normal
fa1_outputs\balanced\fall\aug32_D_zoom_1.3x_Coffee_room_01_video (14)_f70.png,fall
fa1_outputs\balanced\walking\aug583_B_rotated_15deg_Coffee_room_02_video (69)_f641.png,walking
fa1_outputs\balanced\standing\Home_02_video (59)_f27.png,standing
fa1_outputs\balanced\walking\aug827_B_rotated_15deg_Home_02_video (53)_f27.png,walking
fa1_outputs\balanced\sitting\Office_video (13)_f475.png,sitting
fa1_outputs\balanced\normal\Home_01_video (6)_f24.png,normal
fa1_outputs\balanced\normal\aug203_B_rotated_15deg_Coffee_room_02_video (69)_f160.png,normal
fa1_outputs\balanced\fall\Coffee_room_02_video (64)_f155.png,fall
fa1_outputs\balanced\walking\aug810_C_flipped_Home_01_video (4)_f30.png,walking
fa1_outputs\balanced\walking\Coffee_room_01_video (17)_f19.png,walking
fa1_outputs\balanced\walking\aug376_C_flipped_Home_01_video (21)_f129.png,walking
fa1_outputs\balanced\normal\Office_video (16)_f374.png,normal
fa1_outputs\balanced\normal\Home_02_video (47)_f259.png,normal
fa1_outputs\balanced\normal\aug361_D_zoom_1.3x_Home_02_video (42)_f100.png,normal
fa1_outputs\balanced\walking\aug490_brightness_jitter_Office_video (18)_f612.png,walking
fa1_outputs\balanced\standing\Coffee_room_01_video (42)_f99.png,standing
fa1_outputs\balanced\standing\Office_video (33)_f575.png,standing
fa1_outputs\balanced\walking\aug721_D_zoom_1.3x_Coffee_room_01_video (5)_f36.png,walking
fa1_outputs\balanced\normal\Coffee_room_01_video (37)_f51.png,normal
fa1_outputs\balanced\sitting\aug260_B_rotated_15deg_Home_01_video (6)_f48.png,sitting
fa1_outputs\balanced\standing\Coffee_room_02_video (70)_f419.png,standing
fa1_outputs\balanced\fall\Coffee_room_01_video (10)_f217.png,fall
fa1_outputs\balanced\standing\Office_video (31)_f142.png,standing
fa1_outputs\balanced\standing\Home_01_video (11)_f234.png,standing
fa1_outputs\balanced\normal\Coffee_room_01_video (22)_f91.png,normal
fa1_outputs\balanced\standing\Home_02_video (43)_f63.png,standing
fa1_outputs\balanced\walking\aug260_C_flipped_Home_02_video (54)_f43.png,walking
fa1_outputs\balanced\fall\aug515_D_zoom_1.3x_Coffee_room_01_video (12)_f53.png,fall
fa1_outputs\balanced\walking\aug370_brightness_jitter_Coffee_room_02_video (69)_f641.png,walking
fa1_outputs\balanced\fall\aug511_B_rotated_15deg_Coffee_room_01_video (11)_f386.png,fall
fa1_outputs\balanced\fall\aug439_brightness_jitter_Home_02_video (37)_f140.png,fall
fa1_outputs\balanced\normal\aug35_D_zoom_1.3x_Coffee_room_01_video (17)_f118.png,normal
fa1_outputs\balanced\walking\aug565_B_rotated_15deg_Office_video (28)_f454.png,walking
fa1_outputs\balanced\standing\Lecture_room_video (19)_f736.png,standing
fa1_outputs\balanced\fall\aug259_D_zoom_1.3x_Coffee_room_02_video (49)_f447.png,fall
fa1_outputs\balanced\normal\aug32_brightness_jitter_Coffee_room_01_video (16)_f154.png,normal
fa1_outputs\balanced\standing\Office_video (13)_f316.png,standing
fa1_outputs\balanced\standing\Lecture_room_video (19)_f572.png,standing
fa1_outputs\balanced\standing\Coffee_room_02_video (51)_f50.png,standing
fa1_outputs\balanced\standing\Coffee_room_01_video (26)_f111.png,standing
fa1_outputs\balanced\fall\Coffee_room_01_video (43)_f639.png,fall
fa1_outputs\balanced\sitting\aug325_C_flipped_Office_video (3)_f116.png,sitting
fa1_outputs\balanced\normal\Home_02_video (51)_f33.png,normal
fa1_outputs\balanced\normal\Office_video (6)_f363.png,normal
fa1_outputs\balanced\walking\aug623_D_zoom_1.3x_Lecture_room_video (12)_f421.png,walking
fa1_outputs\balanced\sitting\Office_video (6)_f155.png,sitting
fa1_outputs\balanced\sitting\Coffee_room_01_video (42)_f19.png,sitting
fa1_outputs\balanced\normal\Office_video (10)_f161.png,normal
fa1_outputs\balanced\standing\Lecture_room_video (3)_f467.png,standing
fa1_outputs\balanced\normal\Home_02_video (39)_f24.png,normal
fa1_outputs\balanced\sitting\aug280_C_flipped_Home_02_video (53)_f135.png,sitting
fa1_outputs\balanced\sitting\aug99_C_flipped_Home_02_video (46)_f211.png,sitting
fa1_outputs\balanced\standing\Coffee_room_02_video (53)_f95.png,standing
fa1_outputs\balanced\normal\aug399_D_zoom_1.3x_Home_02_video (54)_f27.png,normal
fa1_outputs\balanced\normal\Home_01_video (25)_f53.png,normal
fa1_outputs\balanced\walking\Home_02_video (47)_f252.png,walking
fa1_outputs\balanced\normal\aug111_B_rotated_15deg_Coffee_room_01_video (39)_f137.png,normal
fa1_outputs\balanced\walking\aug535_B_rotated_15deg_Home_02_video (49)_f62.png,walking
fa1_outputs\balanced\fall\Coffee_room_01_video (1)_f64.png,fall
fa1_outputs\balanced\normal\Home_02_video (54)_f21.png,normal
fa1_outputs\balanced\sitting\aug451_brightness_jitter_Home_02_video (46)_f211.png,sitting
fa1_outputs\balanced\walking\aug450_C_flipped_Home_01_video (29)_f101.png,walking
fa1_outputs\balanced\standing\Coffee_room_01_video (43)_f448.png,standing
fa1_outputs\balanced\walking\aug48_C_flipped_Home_02_video (54)_f54.png,walking
fa1_outputs\balanced\walking\aug84_C_flipped_Coffee_room_02_video (60)_f0.png,walking
fa1_outputs\balanced\walking\aug148_B_rotated_15deg_Coffee_room_01_video (30)_f54.png,walking
fa1_outputs\balanced\fall\Coffee_room_01_video (42)_f111.png,fall
fa1_outputs\balanced\walking\aug365_D_zoom_1.3x_Coffee_room_01_video (38)_f88.png,walking
fa1_outputs\balanced\sitting\aug170_C_flipped_Office_video (33)_f319.png,sitting
fa1_outputs\balanced\normal\Lecture_room_video (16)_f761.png,normal
fa1_outputs\balanced\standing\Coffee_room_02_video (64)_f132.png,standing
fa1_outputs\balanced\walking\aug249_C_flipped_Home_02_video (48)_f0.png,walking
fa1_outputs\balanced\normal\aug27_D_zoom_1.3x_Coffee_room_01_video (15)_f28.png,normal
fa1_outputs\balanced\fall\aug201_B_rotated_15deg_Coffee_room_01_video (41)_f267.png,fall
fa1_outputs\balanced\sitting\aug239_D_zoom_1.3x_Coffee_room_02_video (62)_f105.png,sitting
fa1_outputs\balanced\fall\Coffee_room_01_video (16)_f55.png,fall
fa1_outputs\balanced\walking\aug839_B_rotated_15deg_Lecture_room_video (7)_f235.png,walking
fa1_outputs\balanced\sitting\Coffee_room_01_video (27)_f63.png,sitting
fa1_outputs\balanced\fall\Lecture_room_video (14)_f385.png,fall
fa1_outputs\balanced\normal\Home_01_video (20)_f81.png,normal
fa1_outputs\balanced\sitting\aug249_C_flipped_Home_01_video (22)_f48.png,sitting
fa1_outputs\balanced\walking\aug112_brightness_jitter_Home_02_video (50)_f62.png,walking
fa1_outputs\balanced\walking\aug847_C_flipped_Office_video (19)_f41.png,walking
fa1_outputs\balanced\normal\Office_video (25)_f889.png,normal
fa1_outputs\balanced\standing\Coffee_room_01_video (18)_f67.png,standing
fa1_outputs\balanced\sitting\aug349_brightness_jitter_Office_video (4)_f192.png,sitting
fa1_outputs\balanced\normal\Coffee_room_01_video (17)_f79.png,normal
fa1_outputs\balanced\fall\aug407_C_flipped_Home_01_video (30)_f38.png,fall
fa1_outputs\balanced\sitting\aug434_B_rotated_15deg_Home_01_video (29)_f54.png,sitting
fa1_outputs\balanced\normal\Coffee_room_02_video (52)_f43.png,normal
fa1_outputs\balanced\sitting\aug590_C_flipped_Coffee_room_02_video (57)_f70.png,sitting
fa1_outputs\balanced\normal\aug304_C_flipped_Home_01_video (7)_f189.png,normal
fa1_outputs\balanced\fall\Coffee_room_01_video (11)_f386.png,fall
fa1_outputs\balanced\fall\Coffee_room_01_video (13)_f100.png,fall
fa1_outputs\balanced\fall\aug271_B_rotated_15deg_Coffee_room_02_video (52)_f107.png,fall
fa1_outputs\balanced\fall\aug519_B_rotated_15deg_Coffee_room_01_video (13)_f96.png,fall
fa1_outputs\balanced\normal\Office_video (23)_f1002.png,normal
fa1_outputs\balanced\fall\Home_02_video (31)_f124.png,fall
fa1_outputs\balanced\fall\aug100_brightness_jitter_Coffee_room_01_video (25)_f147.png,fall
fa1_outputs\balanced\sitting\aug573_D_zoom_1.3x_Coffee_room_02_video (52)_f26.png,sitting
fa1_outputs\balanced\walking\aug829_B_rotated_15deg_Home_02_video (54)_f54.png,walking
fa1_outputs\balanced\fall\aug403_C_flipped_Home_01_video (30)_f126.png,fall
fa1_outputs\balanced\sitting\aug789_B_rotated_15deg_Home_01_video (7)_f0.png,sitting
fa1_outputs\balanced\fall\Coffee_room_01_video (42)_f121.png,fall
fa1_outputs\balanced\standing\Home_01_video (6)_f96.png,standing
fa1_outputs\balanced\standing\Lecture_room_video (15)_f118.png,standing
fa1_outputs\balanced\walking\aug115_brightness_jitter_Home_02_video (52)_f64.png,walking
fa1_outputs\balanced\standing\Coffee_room_02_video (63)_f59.png,standing
fa1_outputs\balanced\standing\Office_video (26)_f449.png,standing
fa1_outputs\balanced\standing\Lecture_room_video (1)_f171.png,standing
fa1_outputs\balanced\fall\Coffee_room_01_video (31)_f167.png,fall
fa1_outputs\balanced\normal\Home_02_video (31)_f39.png,normal
fa1_outputs\balanced\walking\aug938_brightness_jitter_Coffee_room_02_video (69)_f641.png,walking
fa1_outputs\balanced\walking\aug550_B_rotated_15deg_Home_02_video (60)_f62.png,walking
fa1_outputs\balanced\sitting\aug431_B_rotated_15deg_Home_01_video (27)_f0.png,sitting
fa1_outputs\balanced\normal\Lecture_room_video (9)_f654.png,normal
fa1_outputs\balanced\normal\Home_02_video (38)_f153.png,normal
fa1_outputs\balanced\walking\aug181_D_zoom_1.3x_Home_02_video (49)_f78.png,walking
fa1_outputs\balanced\sitting\aug154_C_flipped_Office_video (3)_f280.png,sitting
fa1_outputs\balanced\fall\aug507_brightness_jitter_Coffee_room_01_video (10)_f238.png,fall
fa1_outputs\balanced\walking\aug406_D_zoom_1.3x_Home_02_video (55)_f27.png,walking
fa1_outputs\balanced\normal\aug212_brightness_jitter_Home_01_video (16)_f165.png,normal
fa1_outputs\balanced\normal\Lecture_room_video (19)_f306.png,normal
fa1_outputs\balanced\walking\aug374_D_zoom_1.3x_Home_01_video (20)_f129.png,walking
fa1_outputs\balanced\walking\aug334_brightness_jitter_Home_02_video (55)_f162.png,walking
fa1_outputs\balanced\sitting\aug146_C_flipped_Office_video (27)_f608.png,sitting
fa1_outputs\balanced\sitting\Coffee_room_01_video (22)_f45.png,sitting
fa1_outputs\balanced\sitting\aug179_D_zoom_1.3x_Coffee_room_01_video (21)_f36.png,sitting
fa1_outputs\balanced\normal\aug102_brightness_jitter_Coffee_room_01_video (37)_f0.png,normal
fa1_outputs\balanced\normal\aug373_B_rotated_15deg_Home_02_video (46)_f0.png,normal
fa1_outputs\balanced\sitting\aug660_brightness_jitter_Office_video (24)_f165.png,sitting
fa1_outputs\balanced\standing\Home_02_video (50)_f0.png,standing
fa1_outputs\balanced\normal\Office_video (14)_f17.png,normal
fa1_outputs\balanced\walking\aug921_B_rotated_15deg_Office_video (33)_f159.png,walking
fa1_outputs\balanced\normal\Coffee_room_01_video (38)_f132.png,normal
fa1_outputs\balanced\sitting\aug318_C_flipped_Office_video (27)_f405.png,sitting
fa1_outputs\balanced\standing\Coffee_room_01_video (15)_f35.png,standing
fa1_outputs\balanced\standing\Home_02_video (55)_f86.png,standing
fa1_outputs\balanced\sitting\Coffee_room_01_video (43)_f0.png,sitting
fa1_outputs\balanced\fall\Coffee_room_02_video (52)_f172.png,fall
fa1_outputs\balanced\walking\aug929_brightness_jitter_Coffee_room_01_video (30)_f54.png,walking
fa1_outputs\balanced\sitting\aug705_brightness_jitter_Coffee_room_01_video (21)_f0.png,sitting
fa1_outputs\balanced\standing\Coffee_room_01_video (48)_f584.png,standing
fa1_outputs\balanced\standing\Lecture_room_video (27)_f32.png,standing
fa1_outputs\balanced\fall\Home_01_video (1)_f149.png,fall
fa1_outputs\balanced\standing\Home_01_video (18)_f0.png,standing
fa1_outputs\balanced\walking\aug261_brightness_jitter_Home_02_video (54)_f54.png,walking
fa1_outputs\balanced\standing\Home_02_video (40)_f192.png,standing
fa1_outputs\balanced\walking\aug863_brightness_jitter_Coffee_room_01_video (5)_f36.png,walking
fa1_outputs\balanced\normal\Home_01_video (3)_f60.png,normal
fa1_outputs\balanced\fall\Coffee_room_02_video (49)_f430.png,fall
fa1_outputs\balanced\standing\Coffee_room_01_video (11)_f60.png,standing
fa1_outputs\balanced\sitting\aug326_brightness_jitter_Office_video (3)_f140.png,sitting
fa1_outputs\balanced\walking\aug744_B_rotated_15deg_Home_02_video (46)_f26.png,walking
fa1_outputs\balanced\standing\Office_video (2)_f103.png,standing
fa1_outputs\balanced\sitting\Coffee_room_01_video (34)_f155.png,sitting
fa1_outputs\balanced\sitting\aug287_D_zoom_1.3x_Lecture_room_video (24)_f288.png,sitting
fa1_outputs\balanced\standing\Coffee_room_01_video (18)_f100.png,standing
fa1_outputs\balanced\standing\Home_02_video (45)_f64.png,standing
fa1_outputs\balanced\sitting\aug483_B_rotated_15deg_Office_video (23)_f716.png,sitting
fa1_outputs\balanced\normal\Home_01_video (7)_f162.png,normal
fa1_outputs\balanced\standing\Office_video (4)_f160.png,standing
fa1_outputs\balanced\walking\aug275_brightness_jitter_Office_video (18)_f478.png,walking
fa1_outputs\balanced\normal\aug243_brightness_jitter_Home_01_video (22)_f120.png,normal
fa1_outputs\balanced\standing\Home_02_video (59)_f64.png,standing
fa1_outputs\balanced\sitting\aug335_B_rotated_15deg_Office_video (30)_f467.png,sitting
fa1_outputs\balanced\fall\Coffee_room_01_video (37)_f164.png,fall
fa1_outputs\balanced\standing\Lecture_room_video (25)_f94.png,standing
fa1_outputs\balanced\fall\Coffee_room_01_video (34)_f331.png,fall
fa1_outputs\balanced\normal\Home_01_video (25)_f26.png,normal
fa1_outputs\balanced\walking\aug867_D_zoom_1.3x_Coffee_room_02_video (69)_f641.png,walking
fa1_outputs\balanced\normal\aug252_B_rotated_15deg_Home_01_video (23)_f60.png,normal
fa1_outputs\balanced\walking\aug313_C_flipped_Home_01_video (4)_f30.png,walking
fa1_outputs\balanced\fall\Home_01_video (9)_f149.png,fall
fa1_outputs\balanced\standing\Home_02_video (54)_f86.png,standing
fa1_outputs\balanced\walking\Home_01_video (8)_f178.png,walking
fa1_outputs\balanced\normal\aug48_B_rotated_15deg_Coffee_room_01_video (2)_f0.png,normal
fa1_outputs\balanced\walking\aug752_C_flipped_Home_02_video (50)_f78.png,walking
fa1_outputs\balanced\sitting\aug760_brightness_jitter_Coffee_room_02_video (56)_f215.png,sitting
fa1_outputs\balanced\sitting\aug694_D_zoom_1.3x_Office_video (32)_f217.png,sitting
fa1_outputs\balanced\fall\aug396_C_flipped_Home_01_video (29)_f159.png,fall
fa1_outputs\balanced\sitting\aug17_C_flipped_Coffee_room_01_video (31)_f0.png,sitting
